"Ν"	"addressString"	"maxResults"	"minScore"	"setBack"	"matchPrecision"	"matchPrecisionNot"	"localities"	"notLocalities"	"centre"	"maxDistance"	"bbox"	"echo"	"interpolation"	"locationDescriptor"	"siteName"	"unitDesignator"	"unitNumber"	"unitNumberSuffix"	"civicNumber"	"civicNumberSuffix"	"streetName"	"streetType"	"streetDirection"	"streetQualifier"	"localityName"	"provinceCode"	"yourId"	"extrapolate"	"parcelPoint"
1	"330 20655 88 AVE, LANGLEY"																										"fb9debf2cea8c16ff24b3e1031bba9d4"		
2	"9340 NO 2 RD, RICHMOND"																										"d0ee75f6e9fbcb70d2110e8ac3861629"		
3	"770 HIGHLAND RD, ROBERTS CREEK"																										"1a6f6f32d741b165a95ab33131374daa"		
4	"1639 TYSON RD, SECHELT"																										"dee78c598818e765a1094e78e4a8c8a4"		
5	"1364 ADOLPH JOHNSON RD, GOLDEN"																										"aac9ed801adb1ba1dc1a92631fda10f6"		
6	"504 9877 UNIVERSITY CRES, BURNABY"																										"fb946d25c754fdda9310a7d973c88872"		
7	"105 951 CHARLAND AVE, COQUITLAM"																										"4cbcedd2590fa5f42f8241a5334aa466"		
8	"6237 WHINTON CRES, PEACHLAND"																										"33bd0abc74584279a82739d7bc35edb3"		
9	"9536 EMERALD DR, WHISTLER"																										"23f2c53389edcabeafc2048cbdf6e783"		
10	"402 436 CEDAR AVE, KELOWNA"																										"999b5c84088112838236bec855b06493"		
11	"20 1375 ORD RD, KAMLOOPS"																										"c4b734946f57bb7481ca8d635fed9806"		
12	"307 40115 THE CRES, SQUAMISH"																										"0a7005b1e0841c1bc1ac1856e316f772"		
13	"2460 KEVAN DR, GABRIOLA"																										"697f99b7b101a6090217d1946d1f3343"		
14	"408 1015 CUMBERLAND RD, COURTENAY"																										"f37dbd72944032ca64df7ba067edb79f"		
15	"5668 HARPER PL, KAMLOOPS"																										"14d33be56f2353cf5901685d50559165"		
16	"206 265 1 ST AVE W, VANCOUVER"																										"c86b7f55d42e4e022ba5d408e4e0d3c9"		
17	"5959 STUDENT UNION BLVD GA 347, VANCOUVER"																										"f1b83e18a9404efb6f4579ef70047b2c"		
18	"1504 LEED RD, CAMPBELL RIVER"																										"f4ff9ae4f25e1f942cbf30ce9e2b842d"		
19	"2 3347 DEWDNEY TRUNK RD, PORT MOODY"																										"64660559f6763841a819bfb099ba0d25"		
20	"1868 PORCUPINE POINT CRES CR, KELOWNA"																										"f9b1650cb290387ba196cad726772ea8"		
21	"3226 MONAHAN CRES, PRINCE GEORGE"																										"579ed399404da06692eda4dd7cc647cd"		
22	"3953 GLENDALE DR, PRINCE GEORGE"																										"012f6ec12e38ecce1d7a8f50ee2cf271"		
23	"579 HILLCREST ST, COQUITLAM"																										"62be841813ce278f3df5ec04b71987aa"		
24	"4 1115 10TH AVE W, VANCOUVER"																										"77608c62cde55ec201b6a1b99251e0f1"		
25	"223 1840 160 ST BC, SURREY"																										"70d756d63c652fd6e7da17b93ee06a6e"		
26	"1795A GRAFTON AVE, ERRINGTON"																										"fad0578817063828068814b0f2fef5d8"		
27	"2182 30TH AVE E GLADSTONE SUPPORT HSE, VANCOUVER"																										"70ca15f9a00615da3cddf4ec56581bd0"		
28	"3599 LANDIE RD, KELOWNA"																										"69237d8120377ba78ba93a7b47b3aa76"		
29	"708 1330 HARWOOD ST, VANCOUVER"																										"90c43f19d135064fc24c643530a0711e"		
30	"492 REGENCY PL, VICTORIA"																										"733a004ac4bb9fc56fb1a67fef90ef9f"		
31	"4 12073 62 AVE, SURREY"																										"e52a351c36bb66bd86c356acc9989c15"		
32	"212 15185 22 AVE, SURREY"																										"910ed38fbe0e948f50b1b8d4c3b7e874"		
33	"71 HILLIERS RD N, QUALICUM BEACH"																										"1686b65a3b0d3b2447b8f7cc55a26618"		
34	"20 1231 10 ST SW, SALMON ARM"																										"8b4ca12e019c22196347f12d32285546"		
35	"108 JOSEPH ST, VICTORIA"																										"7861981d71bee9b7be5d038fb97e7809"		
36	"1503 BURGER RDP O, CHRISTINA LAKE"																										"5c449ef6b697234f12ad5a7e6ffad305"		
37	"3408 COPELAND AVE, VANCOUVER"																										"6dac9419701b12e7f1e6ea0f99711f37"		
38	"271 9 3151 LAKESHORE RD, KELOWNA"																										"d18549275ef0214867aa148b1a8369cd"		
39	"203 33379 MARSHALL RD, ABBOTSFORD"																										"c5482f1c34e60a50511895e76b6148be"		
40	"39666 GOVERNMENT RD, SQUAMISH"																										"75b249c49bb029efca3525cff0e26e9b"		
41	"404 1050 SMITHE ST, VANCOUVER"																										"01131bf657804faaee9395bfb6d23418"		
42	"1400 PLANETREE CRT, COQUITLAM"																										"9539291ad5288585fdf827c941122f56"		
43	"316 2644 PRIOR ST, VICTORIA"																										"dcee86b2d562bc6ea9c64402b24923c2"		
44	"1545 JAMAICA AVE, PRINCE RUPERT"																										"c1b6d34cf78ed29f8b530674bac24152"		
45	"8185 CEDAR ST, MISSION"																										"3ab414928035d5ed48c5535525416734"		
46	"757 ELAND DR, CAMPBELL RIVER"																										"0b80d969c3186425d5138979d8b79b53"		
47	"58 16433 19 AVE, SURREY"																										"815036e18694ff8a54e2148b4acff544"		
48	"280 WHITESHIELD CRES, KAMLOOPS"																										"82a849b0534bfa9913a5bd30f354be18"		
49	"1602 1455 HOWE ST, VANCOUVER"																										"7755b4a50acd1b9ca81fc692113e3d78"		
50	"223 4523 OLSON AVE, TERRACE"																										"1665c85520cc31b7aa01ab73724920c6"		
51	"4828 CANADA WAY, BURNABY"																										"e4cd6d883d774af5e1d4bd1b351324ba"		
52	"1427 ROSERIDGE CRT, WEST KELOWNA"																										"cae277527e3a74522ef6e9135587d2e6"		
53	"6503 CALLUMWOOD LANE, SOOKE"																										"50b5864763e2e04e728e7cfdabdf5903"		
54	"21 7200 COTTONWOOD DR, OSOYOOS"																										"ecf9fc1c43d11c1cddb010ce8b7575b9"		
55	"260 PRINCE RUPERT BLVD, PRINCE RUPERT"																										"350a35fe610592ddeed8bea8907a2dee"		
56	"3481 NAVATANEE DR, KAMLOOPS"																										"cbdee814271b9803cdc44e2e73b37443"		
57	"25 4660 52A ST, DELTA"																										"9eb4ddb76742747017704f8febbbc32b"		
58	"1754 AGASSIZ AVE, AGASSIZ"																										"98e44b0ebc23d382e64088150f646643"		
59	"10 278 ISLAND HIGHWAY, VICTORIA"																										"2b45e9f612b3d373fbf814976ced109d"		
60	"4643 MARINE AVE, POWELL RIVER"																										"a22746a00eb16e5282954df7b253ec59"		
61	"13811 GILBERT RD, RICHMOND"																										"09295aabdea237a1d780f7a459c577a6"		
62	"56 24076 112 AVE, MAPLE RIDGE"																										"0a07f0584bc50c1a9c75dd8138c28f0c"		
63	"5490 PORTLAND ST, BURNABY"																										"dfebc3481f4bd9b8841930f0fd801e15"		
64	"486 2ND AVE, KIMBERLEY"																										"21725907ef7f78fbc26241c8d9b226a9"		
65	"1010 6971 ELMBRIDGE WAY, RICHMOND"																										"78ef18f23bc1846d47691677d5d70d6e"		
66	"29392 SUNVALLEY CRES, ABBOTSFORD"																										"3ebe07218d2e36d956f58d78a03673f7"		
67	"242 ALDER AVE, KAMLOOPS"																										"3d2a6ab3a20030287cf3ab6dc653012c"		
68	"16655 64 AVE, SURREY"																										"45bf775a3b666761c9443b0c4235f5ab"		
69	"3120 SAHTLOOT CRES, "																										"5a83d1c2a5f4381686a324c36c8b7070"		
70	"606 3655 VICTORIA DR, VANCOUVER"																										"712dfaf41f00ff23db4bcc5b46a368fe"		
71	"553 DUCHESS AVE, WEST VANCOUVER"																										"b4927b85cde8bf1e414d1f063844bdc0"		
72	"1265 VANCOUVER BLVP O, LUND"																										"ae35b439d018d2b4df0dd5e12c78bbea"		
73	"14 1501 BALMORAL AVE, COMOX"																										"2fa66e24d649990c54cb4ef529e69e69"		
74	"20210 52 AVE, LANGLEY"																										"d4328c145191533f4d7b8ac0f049c345"		
75	"204 9905 FIFTH ST, SIDNEY"																										"e693f91fb837246ef78763221bad4cc3"		
76	"12 2270 196 ST, LANGLEY"																										"fbd65521d039be8e5820de8849adae0f"		
77	"201 8358 CEDAR ST, MISSION"																										"967260e6a8c8482a545d92453568a5cd"		
78	"620 HEMLOCK ST, KAMLOOPS"																										"ab962cfe6e42805562f906a8dd65b9fc"		
79	"206 44 WHITESHIELD CRES S, KAMLOOPS"																										"dfc51c03c337d83440e0c53bc9a08e31"		
80	"4908 COOPER DR, TERRACE"																										"d4a606b2d36eb45f9ee09d191de1ffc0"		
81	"RM 11 100 20265 54A AVE, LANGLEY"																										"c5eac21949c7568d8d50320dcbdba383"		
82	"1535 TRANMER RD, AGASSIZ"																										"fd8afaea91eb7c1391c17073b92b02d2"		
83	"1210 ELKHORN CRES, PRINCE GEORGE"																										"41b24e3bbd060157b877d27fdca049ef"		
84	"101 2001 BLUE JAY PL, COURTENAY"																										"5986c0b0665dd4a78845ee3147f7c536"		
85	"24 MAGNOLIA DR, PARKSVILLE"																										"b9707e0696963f6fbcbcaa103b0fee6c"		
86	"201 9133 HEMLOCK DR, RICHMOND"																										"8e1f98c41865fe66273dbacd04335516"		
87	"105 1429 WILLIAM ST, VANCOUVER"																										"c4bcdefb6d3c0e2f0c324d3837705cb2"		
88	"3038 DUNSMUIR RD, VERNON"																										"3b55a479e076b8b6bf010ce7993b9f8b"		
89	"2410 13615 FRASER HIGHWAY, SURREY"																										"fe6d2c6ff827cab7d5be9b551de8ae06"		
90	"18525 63A AVE, SURREY"																										"7c2eb73fc537c0a08677dd3458ee2d46"		
91	"2512 8TH AVE W, VANCOUVER"																										"468d71162b5c51bb3bcf1fa4ca8d64d6"		
92	"1120 STIRLING DR, PRINCE GEORGE"																										"7911cfd162a1b2474c1ace121aec43a9"		
93	"6121 BENCH DR, PRINCE GEORGE"																										"81979638f4699d8e291ee645124d2b03"		
94	"4822 AGAR AVE, TERRACE"																										"2247755a3da2fb6d9057ea8c6b0dbcb0"		
95	"425 SCHNEIDER RD, ABBOTSFORD"																										"ecf140b03d4494eb3ceea7cf5885a3c5"		
96	"3 1420 TRANS CANADA HIGHWAY, SORRENTO"																										"53731f94fe1ae2ea05379981f7995af7"		
97	"304 4690 HAZEL ST, BURNABY"																										"00d4194882eb2526422367358d13aa35"		
98	"23091 DEWDNEY TRUNK RD, MAPLE RIDGE"																										"eb372b1486dc582219b33df06d9cf2b2"		
99	"4521 NEVILLE ST BC, BURNABY"																										"883518628b9f72b94afacf7bdfeb11c0"		
100	"416 STETSON ST, KELOWNA"																										"b9c89ee8a99d2810f2f6542a5b160eda"		
101	"2203 45 AVE, VERNON"																										"ec610b36b602a1981c15fc85e6db7450"		
102	"40 SANGSTER PL, PARKSVILLE"																										"359fb51c4fa02d3864eb94ab48ad2d03"		
103	"207 2388 TRIUMPH ST, VANCOUVER"																										"959bab94bcdb012d29d70b246f718b4a"		
104	"2001 838 HASTINGS ST W, VANCOUVER"																										"e14332c07ddb5ba672e284c03e4f4e06"		
105	"1111 PRAISEWOOD TERR, VICTORIA"																										"9467b0572d1ae57980bd3a694255ab78"		
106	"314 1510 NELSON ST, VANCOUVER"																										"f5b71cdf5daefe872c2735d643038b0d"		
107	"92 6600 LUCAS RD, RICHMOND"																										"f55773473dd576534697949c33d34d7e"		
108	"1241 49TH AVE W, VANCOUVER"																										"8c66f2057043a5840752c119649b1475"		
109	"B 1550 WELLS PIB, ERRINGTON"																										"2e21f3de5c81a4e7c19a685a1b02acb3"		
110	"1009 133 ESPL E, NORTH VANCOUVER"																										"45a77f9aa471f13ba6e661f8d2651859"		
111	"5116 45 AVE, CHETWYND"																										"54d87d506ae1e4fa9f35883c9fb20d56"		
112	"203 22226 BROWN AVE, MAPLE RIDGE"																										"b0fecb689ee7507a5a06e6fde1adf1c5"		
113	"1312 13350 CENTRAL AVE, SURREY"																										"7822377eb3e27a22c8073e4bec8a8f90"		
114	"202 416 SUTTON CRES KANERIDGE PLACE, KELOWNA"																										"ba998659c196aed8046c6e3431f83283"		
115	"3196 7TH AVE E, VANCOUVER"																										"8fe93b09c94a475562b53e331ed11f73"		
116	"1906 4390 GRANGE ST, BURNABY"																										"0db1a4ebe3d1728fcf39ae9a9bc7eddd"		
117	"101 3500 15TH AVE, PRINCE GEORGE"																										"030aff243cc2b19c385e90b838658177"		
118	"5 3528 PT GREY RD, VANCOUVER"																										"22acfb1f320af7d1e8e0ffff183999cf"		
119	"19 3477 COMMERCIAL ST, VANCOUVER"																										"352d79f98b5fcf8c19c30eb0adb9742f"		
120	"585 FIR ST, FORT ST JAMES"																										"fef79f6a7e8913398037ef00731cfc0e"		
121	"2436 156 ST, SURREY"																										"f3d2ce34c78f29f2df9cf49474a42e75"		
122	"2136 PARKER ST, VANCOUVER"																										"ceeb5ebe67824d39236bfda1803284d6"		
123	"10650 MADRONA DR, NORTH SAANICH"																										"4c0c85c0b3397244cbb790e2689a77db"		
124	"876 LYNWOOD AVE, PORT COQUITLAM"																										"f054a9dac44ac3189eacab6a5723cbbd"		
125	"7 101 PARKSIDE DR, PORT MOODY"																										"a67e80c40f299dab1705d3f01d627d19"		
126	"109 33545 RAINBOW AVE, ABBOTSFORD"																										"a633c92530b1d33fe93b2155133f8d64"		
127	"706 188 1 ST AVE E, VANCOUVER"																										"261f6363b89ad35f0341ed7926f69013"		
128	"1235, ERRINGTON"																										"6e249c0a42ac90be6a5760101119bf43"		
129	"906 651 NOOTKA WAY, PORT MOODY"																										"b4943faa53c47c648cd0f019f94f3351"		
130	"B 347 LEGACY LOOKOUT, CRANBROOK"																										"e7a7c02831ada1b3a02d0cfd6ccfe060"		
131	"2701 1255 SEYMOUR ST, VANCOUVER"																										"bac18379391cc18feec205105fbf9101"		
132	"120 7250 18 AVE, BURNABY"																										"c2c04828710bae14126e6479770c3dd8"		
133	"1656 ST GEORGES AVE, NORTH VANCOUVER"																										"5ef5c80a3f33b7e629a1a45c8751ccae"		
134	"5308 GEORGIA ST, BURNABY"																										"ff9c35779c49017c0515ed0be7f69bc4"		
135	"201 1944 RIVERSIDE LANE, COURTENAY"																										"dead454e3b7a07d8b332e3ed3e0367be"		
136	"614 6038 BIRNEY AVE, VANCOUVER"																										"b3d2e466693b5f3c739d55efc1e07f3d"		
137	"5313 217 RDP O, DAWSON CREEK"																										"70388de60062e072592c0fa8b2948a95"		
138	"5730 TIMOTHY LAKE RDP O, LAC LA HACHE"																										"18a92b367cad1296dbe113a8d547e91a"		
139	"15493 93A AVE, SURREY"																										"ab26ae3ca08ce8ace69b9252e2d34c22"		
140	"304 5770 OAK ST, VANCOUVER"																										"73f9643cf5e1cec6d1d29d4e2ea7d6e6"		
141	"1640 OBERG JOHNSON RD, GOLDEN"																										"db4981b21c65a94476542296dbcedff9"		
142	"413 1730 CHESTERFIELD AVE, NORTH VANCOUVER"																										"70f5da5b1fecb23f1d30d992e8186d6f"		
143	"106 144 4TH ST W, NORTH VANCOUVER"																										"db9b3b35534894a7520d1cfec0f2534a"		
144	"144 701 HILCHEY RD, CAMPBELL RIVER"																										"d5dad0f1a0eff5360deb17d0d79be9c3"		
145	"12 4430 RED MTN RD WP O, ROSSLAND"																										"5a69919f010e9891e5e98beda843090e"		
146	"1744 14TH AVE W, VANCOUVER"																										"8fe13004ccf4e24258733bf3b34d35bb"		
147	"465 UPPER BAYVIEW RD, LIONS BAY"																										"0c51a76b8b6fab7265067999c3adae33"		
148	"404 1211 VILLAGE GREEN WAY, SQUAMISH"																										"a70efdf13aebfd0844838a34fb92e593"		
149	"1657 EAST 62ND AVE, VANCOUVER"																										"95bab1005ffaf8c5defa319aa0114c29"		
150	"3792 DEL MAR LN, WESTBANK"																										"48a026794ae641241fcf212b6f42124b"		
151	"409 33677 KING RD, ABBOTSFORD"																										"6dcfc3db1f700f6f47e694d48f82060f"		
152	"4690 GEORGE RD, COWICHAN BAY"																										"d601029f25ff8c129f87db35be85bfa9"		
153	"605B 1008 PANDORA AVE, VICTORIA"																										"76469dbfac68a4f6656b348f41e4e129"		
154	"4 4630 LOCHSIDE DR, VICTORIA"																										"4cb63eaab22ae95c1da308db70c2a444"		
155	"450 ALDER ST S CAMPBELL R, CAMPBELL RIVER"																										"21aeef6a9edf7bd438b1a95a7798217c"		
156	"214 6800 ECKERSLEY RD, RICHMOND"																										"488ae172866e04f0726310c56d7c2c2e"		
157	"106 2450 CENTER ST, ABBOTSFORD"																										"e0f425fbc94e31a83b229a51eadb39c4"		
158	"24383 125 AVE, MAPLE RIDGE"																										"caed410997d62305a46422e87578ff28"		
159	"4079 SAN CLEMENTE AVE, PEACHLAND"																										"a073b8c24f72f79ca5e6a09fa111a429"		
160	"4390 KINGSCOTE RD, COWICHAN BAY"																										"5fdff693c7eab0ecc705b21fb498791a"		
161	"3 8921 117A ST, DELTA"																										"4755c8b48c3f5165c7be0911809bdfa0"		
162	"11 11442 BEST ST, MAPLE RIDGE"																										"c4115c2339868234674c5c6e06c8e8d3"		
163	"403 1422 6TH AVEP O, FERNIE"																										"9829cb65a82100b2fb37149d64e1360c"		
164	"411 9213 ODLIN RD, RICHMOND"																										"d62801c75f967260ba8efc4ae2102d91"		
165	"2404 TIMBERLANE RD N10, PORT ALBERNI"																										"9e9563e083a4668f5b58af3ba1bc7dbe"		
166	"4138 HIGHWAY 6, LUMBY"																										"2c195cea4b2e4fd18e439efc498c05da"		
167	"1205 5515 BOUNDARY RD, VANCOUVER"																										"46a32a34bf83d9d75a7fb1b15afa0fdb"		
168	"275 EAST 14TH AVE 206, VANCOUVER"																										"2df7e065e129025e0be7ac43869a9d08"		
169	"402 265 FROELICH RD, KELOWNA"																										"d4902d496847d43b8f730d171001cdc1"		
170	"3930 ASPEN PL, VICTORIA"																										"5f8a13d28d49b74fcf60a03157f5fde0"		
171	"1244 4TH AVE, VALEMOUNT"																										"e071ec5f7d60f158cf4d3ea872c87ddd"		
172	"6060 BISON RANCH RD, BARRIERE"																										"9fa910a312dcfa45aee0da19e9fe7caa"		
173	"788 WEST 63RD AVE, VANCOUVER"																										"a565b8ada3fa4f37174e0ed34016663c"		
174	"2 875 14TH AVE W, VANCOUVER"																										"ce5d09ca935840f2bea5cd35549e43bb"		
175	"1248 SUNRIDGE RD, WINDERMERE"																										"edcc5c400607425f0b6af10490520a3e"		
176	"707 WINDJAMMER RD, BOWEN ISLAND"																										"aa79f90dca1f0a5a5fbb98ded165cc9a"		
177	"20 3260 HEDDLE RD, NELSON"																										"14c79f7e3ede9106c0664e20b663f185"		
178	"51110 ZANDER PL, CHILLIWACK"																										"686177b6effed50a8565cbf0b7eec7c3"		
179	"17 2655 WESTSYDE RD, KAMLOOPS"																										"77c781c8ca2c4f90c91a4f9fb41579f3"		
180	"6337 45 AVE, DELTA"																										"a2085350da52fecfe4fc72a40722efb6"		
181	"59A 902 CLARKE RD, PORT MOODY"																										"5acece32a8f3711c82f61c15a1483db7"		
182	"246 3330 22ND AVE, PRINCE GEORGE"																										"de8f27e058cbbc821459a785460deaf1"		
183	"2914 BOUNDARY RD VANCOUVER, BURNABY"																										"8614f4a7ee111aca18901db8cd603590"		
184	"11366 HIGHWAY 3A, SANCA"																										"3d8dd5058cb3f8431d9a44b609913dc5"		
185	"786514TH AVE, BURNABY"																										"1d1fd6078a089e0e7faaabf19122c474"		
186	"307 388 DRAKE ST APARTMENT BLDG, VANCOUVER"																										"e67c185bfcc5bdebe7192e3bee6a5218"		
187	"2402 SING ST, QUESNEL"																										"ddcc73bd091623e5a9d852df1e1ceb63"		
188	"4 4096 TORQUAY DR, VICTORIA"																										"07630ae3f914dcb119776a453ce54116"		
189	"1312 3044 CLEARBROOK RD, ABBOTSFORD"																										"0f41f3f047f0d232ff21251520ec16c3"		
190	"2826 TELEMON PL, MERRITT"																										"32903b1b709c90ae9a2da00e5631c4e4"		
191	"308 663 13TH AVE W, VANCOUVER"																										"a2283dce8fa716af5fa5e7f8d5fd9397"		
192	"2 1085 PIERCY AVE, COURTENAY"																										"c6e11ea3926728928e918f8f2fb95087"		
193	"54 20760 DUNCAN WAY, LANGLEY"																										"eaefa4c131f81bef35c644299070fcec"		
194	"621 STICKLEBACK RD, COMOX"																										"fb0b453d21ba7b24756ebbcd8dd89d7a"		
195	"207 9530 FLETCHER ST, CHILLIWACK"																										"a7833db82f40d2eeb0daadce519f952d"		
196	"314 2738 LIBRARY LN, NORTH VANCOUVER"																										"e6e45d79983f3636f26358885b76d3a7"		
197	"203 30519 BLUERIDGE DR, ABBOTSFORD"																										"57d6be3cd20611dcc979e054e0115253"		
198	"6320 SCOTT RD, VERNON"																										"78e1fc28d86f32728355836b38ece2c8"		
199	"9448 202A ST, LANGLEY"																										"91a71a9a731bbcb1da8d1e670c25be85"		
200	"180 HEAD ST, SALT SPRING ISLAND"																										"e32f28e1bebff1a85c41573fe57b5996"		
201	"A 3171 6TH AVE, PORT ALBERNI"																										"4a92408b381cb38ce3a9216c0648e280"		
202	"9 3405 21 AVE, VERNON"																										"03c4239df72a28b449b7895c98ff358c"		
203	"219 20TH AVE E, VANCOUVER"																										"f404f9f645294f9df123eab2dbdc4577"		
204	"3527 ROSEMARY HEIGHTS CRE, SURREY"																										"f2b5bb836c6b7b7492bf401df127095c"		
205	"126 1233 KIWANIS CR, NANAIMO"																										"78b05cbb6587abfd6128a1407668113f"		
206	"403 11 FISHER DR, VANCOUVER"																										"86b1d81da6aa4de34565909f53809150"		
207	"901 999 GILFORD ST, VANCOUVER"																										"15dfc1f598d6bceca9219a8f142bfe99"		
208	"9 2893 ROBINSON RD, LAKE COUNTRY"																										"019c80cf32a5a2fc21e256db4979cc3d"		
209	"22030 TRANS CANADA HIGHWAY, HOPE"																										"16618b27618a793e8b8b0d1acf86c3b1"		
210	"14 1655 ALBERNI HIGHWAY, PORT ALBERNI"																										"9385bd889ea76a36e33d2763340b7e47"		
211	"312 32815 GEORGE FERGUSON WAY, ABBOTSFORD"																										"64631bc88e21d255197b2d22777108e0"		
212	"1765 CORONATION AVE, VICTORIA"																										"2e3452d6488730c460c59fd9f94a63a4"		
213	"38387 BUCKLEY AVE, "																										"22824d5a0810c6d9414be78d85164732"		
214	"508 5700 PIERCE RD, PORT ALBERNI"																										"d6720a9f2aa13c4ee162227c7f588c4a"		
215	"605 9371 HEMLOCK DR, RICHMOND"																										"bc1cf20fc55602a223a590eaf9769bf4"		
216	"209 256 2ND AVE E, VANCOUVER"																										"eae36d3b6456c2f6c47cca05923479cd"		
217	"703 633 ABBOTT ST, VANCOUVER"																										"dd5a507b89dd781e1cea780cc1e7563e"		
218	"101 1633 11TH AVE W, VANCOUVER"																										"e0318abc06268077328f4818a822d25f"		
219	"201 200 BACK RD, COURTENAY"																										"37ee1ad3e9a29b960d17af0d97dd2541"		
220	"4185 LYNNFIELD CRES, VICTORIA"																										"4df6f3c2e82bd7f163fb258e613823d7"		
221	"297 ALDER AVE, KAMLOOPS"																										"eee8130bfc52745d2af565254257a811"		
222	"6562 LAVENDER PL, CHILLIWACK"																										"74caddbdad6eb057354f9d33490fe96d"		
223	"611 VANCOUVER ST, VICTORIA"																										"48f361e99d8fe064d3c17118e083130d"		
224	"15784 80A AVE, SURREY"																										"e04f4224e12c91b2a55ec2a2fd36be29"		
225	"101 1041 DAVIE ST, VANCOUVER"																										"d65bc545a7ac8a6cce703116ab92adcf"		
226	"229 7TH AVE, CAMPBELL RIVER"																										"dbcf8d4579267aa60c260f969e04ba2c"		
227	"204 666 WILSON ST, QUESNEL"																										"b3f5929e6d1ca7ce09517163ce63ddf5"		
228	"973 SICAMORE DR, KAMLOOPS"																										"7ad4978c062a65ff67927d98a8d79cf3"		
229	"705 3362 SKAHA LAKE RD, PENTICTON"																										"7d2c41fac09852d5d293d6913607b65c"		
230	"6254 BUCKINGHAM DR, BURNABY"																										"ebe6763cf2c3aa6f7bc90fef44f5c558"		
231	"329 2088 152 ST, SURREY"																										"4b83656f3262a61eeb95c34647d84580"		
232	"1913 TAYLOR ST, VICTORIA"																										"1115f846dd2b1aaba7d2c0c52bc5f6cb"		
233	"2636 HARDY CR, NORTH VANCOUVER"																										"4b36c2a5572cd7b587b101dda1a4d691"		
234	"1940 COMMODORE CRES, WILLIAMS LAKE"																										"e24a3e284eae399e23cffbd96a76f94e"		
235	"300 1863 ALBERNI ST, VANCOUVER"																										"2a40659c6e6d8dfafcf5aef05c8d050a"		
236	"705 1425 6TH AVE W, VANCOUVER"																										"f6e835a5780930c1cc7c06b6ea813bb4"		
237	"65 16655 64 AVE TOWNHOUSES, SURREY"																										"07ed8b7395f6465561b7c1d74db7bf37"		
238	"309 8011C RYAN RD, RICHMOND"																										"53544dea3182445c02c6cf8ede4eabbc"		
239	"6 3400 ROCK CITY RD, NANAIMO"																										"e7700870454c349fa794bab6fa668351"		
240	"3A 45741 BRITTON AVE, CHILLIWACK"																										"dbf02b5f982241c08645162e7672dcad"		
241	"210 2925 GLEN DR, COQUITLAM"																										"c1db720345587d0a73621d333f8d6b32"		
242	"405 141 DUNCAN AVE W, PENTICTON"																										"767c5da6d86c32d560d53ab7dbb68c2c"		
243	"3886 29TH AVE W, VANCOUVER"																										"32dc9a1d6af3ffacbac9abb2fbba2672"		
244	"B 677 BATTERY ST, VICTORIA"																										"c94039c151f9758003cf37481dc696cb"		
245	"545 LARCH ST, ALERT BAY"																										"08a6f97e978d577c0038381fc8d063a5"		
246	"1252 MANSON CRES, PRINCE GEORGE"																										"2d51e180966dd66200e65a407d0c90cc"		
247	"1260 LOWLAND RD, SMITHERS"																										"987b9cc9f5e5aefb40825ee5e57fe829"		
248	"220 451 SELBY ST, NANAIMO"																										"40468be8674171972f43ecaf459c2dc2"		
249	"5 525 TOWNSITE RD, NANAIMO"																										"25820e209690cdab8eca4f631268f9ea"		
250	"5 2151 BURNSIDE RD W, VICTORIA"																										"c524c9aab5be7a72f187097ab81ac286"		
251	"3104 1188 PENDER ST W THE SAPPHIRE, VANCOUVER"																										"11f00907aa257004cdc8698c5937c24f"		
252	"8940 CAIRNMORE PL BC, RICHMOND"																										"6a9658bbc0f14481451e5437d0476c0e"		
253	"249 RIVER CITY LANE, CAMPBELL RIVER"																										"eb19e8ab9e7632ad1a60190b7faef9d3"		
254	"102 3088 FLINT ST, PORT COQUITLAM"																										"f266100e94499c0b549f3ef015a243f8"		
255	"B 561 EIGHTH ST, NANAIMO"																										"2bc72289d86b690e7dd44c8a95ab3142"		
256	"102 2115 CYPRESS ST, VANCOUVER"																										"3730bcb71963d9a19e13ed701f046b00"		
257	"106 602 SLOCAN AVE, SILVERTON"																										"05bec43d4d3419b9d121df417ba12529"		
258	"1155 THE HIGH ST METROPOLITAN RES CLB 1, COQUITLAM"																										"bd7900271c1296bdec4db10d7c9a3923"		
259	"1526 KEATING X RD, "																										"70da85be38bc8c954dad46fa516c614e"		
260	"79 7848 170 ST, SURREY"																										"afd568ff1f97f69d84f23202e003bb60"		
261	"4347 WESTVIEW AVE, POWELL RIVER"																										"596693ec8d2e6b63e32faf531c8fddd2"		
262	"414 9880 MANCHESTER DR, BURNABY"																										"08d153558386a2cbe1b52bc8820f61ef"		
263	"215 5860 DOVER CRES, RICHMOND"																										"b717cce737af22d1da89acdb91d20999"		
264	"311 218 BAYVIEW AVE, LADYSMITH"																										"6d5389690090f299bb814bac3f02b2a8"		
265	"302 1718 NELSON ST, VANCOUVER"																										"6670f32e3ba44f39257c82ec43e642f7"		
266	"51 15133 29A AVE, SURREY"																										"34d6df02a56854b0becec90c1d7726a0"		
267	"14833 99 HIGHWAY NPO, LILLOOET"																										"98a12bf6d4135c6830f8e42578c159bc"		
268	"1450 HESS RD, GABRIOLA"																										"ef552acabfa0f0240e0fb68f306b4a44"		
269	"108 33184 GEORGE FERGUSON WAY, ABBOTSFORD"																										"339f192e66cf4216c20e9ad4518e2ee3"		
270	"856 HOPE PL, HARRISON HOT SPRINGS"																										"5ec3ce6609ac24c52daf59f81d6cfaa0"		
271	"2107B DUGGAN RD, NANAIMO"																										"1973ef86d3d46b04e1266ae78b2ad185"		
272	"18 DUNCAN ST, KITIMAT"																										"24ae2b5057e4e0fa9a14328e60dacd63"		
273	"214 9TH AVE, KEREMEOS"																										"864ab3b063571c9b22540bffdd21e660"		
274	"2002 1188 BIDWELL ST, VANCOUVER"																										"58db8faf6eb8c9eb69be035dfcd62bd7"		
275	"208 1517 ALBATROSS AVE, KITIMAT"																										"ea90c03baa1b4b227557d85d062ad60a"		
276	"411 4600 WESTWATER DR, RICHMOND"																										"2719c50d925dd8b1545906242113368b"		
277	"1504 575 DELESTRE AVE, COQUITLAM"																										"259539769a86fd6bf73d61dab916b9d5"		
278	"1707 1181 SUNSET DR, KELOWNA"																										"e3e51350a3facdb2187091b69434d52a"		
279	"5395 MISSION RD, DUNCAN"																										"e3a943d80b85acd40d4d2a41ddbd079a"		
280	"3206 1033 MARINASIDE CRES, VANCOUVER"																										"f81158ab3ddb1eada28a821cbd214fb2"		
281	"25 21293 LAKEVIEW CRES, HOPE"																										"df930c8a0cad4a1adb377f1f8e100642"		
282	"701 15333 16 AVE, SURREY"																										"cf5f1d4ece36e54fe6c32ecf74634d4b"		
283	"102 1120 HUGH ALLAN DR, KAMLOOPS"																										"1b8ffabe3a469238aa4ef0280ce02196"		
284	"1087 NAGLE ST, DUNCAN"																										"a8c330a68174338c2cf1688bafaa7c83"		
285	"525 KINGSWAY, "																										"9940968027b6ed8d65c987b34c9a7e76"		
286	"1002 111 E 1 ST AVE, VANCOUVER"																										"071f906f0f73e856b77e364a1977830f"		
287	"2053 HALEY RAE PL, LANGFORD"																										"b8d4e641f9a0dc8ebb7bd533131ddb70"		
288	"305 2436 KELLY AVE, PORT COQUITLAM"																										"ca62c3ef58e521779b37f3f674d1edd1"		
289	"309 160 5TH ST W, NORTH VANCOUVER"																										"bbbd362211d3e4ef79e12f2534f03847"		
290	"71 46211 PROMONTORY RD, ABBOTSFORD"																										"b8228004f95f05548a9baae138129f9a"		
291	"4309 4670 ASSEMBLY WAY, BURNABY"																										"6e5790154c2be6f38c4001d979591c73"		
292	"8007 COOPER RD, HALFMOON BAY"																										"59a8c9d3d3a1ef4e57dff81ff69d7784"		
293	"110 511 GATENSBURY ST, COQUITLAM"																										"5c23f68dd2a9f391f528eba6e8b93b22"		
294	"6641 AULDS RD, NANAIMO"																										"c83830452812ae4638620133a3b921b5"		
295	"80 HIGHWAY E, ATLIN"																										"af04499f78f0953f166ab9e951941523"		
296	"1042 STOCKWELL AVE, KELOWNA"																										"e449536348fcfb98fb7d06f03174050f"		
297	"7591 112 ST, DELTA"																										"8c4083f28b5a7c8977b8f7ab1ec972bb"		
298	"3615 MOUNTAIN HIGHWAY, NORTH VANCOUVER"																										"d2f2fe1c40e0f5a0b8aa347a245ea49d"		
299	"2202 308 ALDERSON AVE, COQUITLAM"																										"ccd8bb2e84a7e7a8927939af4b7ab5ed"		
300	"202 1710 RICHTER ST, KELOWNA"																										"649eb795e9f981cfda94fb0d977a1db6"		
301	"3037B LOWE CRT, KELOWNA"																										"0a7a48a67f4ab77a8323f6599051e5c5"		
302	"504 SUNNY BAY RD, OKANAGAN FALLS"																										"6c15007af517be53c093d1c8dcd514d7"		
303	"1 4421 WELLINGTON RD, NANAIMO"																										"8d90c41151a91a68f21cd44427f3f8a0"		
304	"306 555 JERVIS ST, VANCOUVER"																										"945808309e87f32a13b08d8a2a0b7706"		
305	"202 1352 WEST 10TH AVE, VANCOUVER"																										"82eaf4957313bad919890ef5b415e5e8"		
306	"4404 TL AZTEN MAIN TACHI, FORT ST JAMES"																										"2c9a8a435d9a6d72090443c24327bf52"		
307	"734 BEACH RD, QUALICUM BEACH"																										"7877febfa7fb9833f4e98214cfa72af8"		
308	"2891 LYNDENE RD, NORTH VANCOUVER"																										"775983d01d6a8444b0c5a62c6728c3f7"		
309	"19412 DAVISON RD, PITT MEADOWS"																										"1cab6a036cd59c67ed5a6cf0e25ecc5e"		
310	"217 2493 MONTROSE AVE, ABBOTSFORD"																										"1eae21cd06ef95acc750d29b4715ca0a"		
311	"1503 8068 WESTMINSTER HIGHWAY, RICHMOND"																										"95c6a7a7ab77773ffbdd4c4ecf43de37"		
312	"19 2210 COLUMBIA AVE, CASTLEGAR"																										"0384f00b8353d7c51135a70fe10c78d6"		
313	"3922 WEST 12TH AVE, VANCOUVER"																										"184cb8af3527a4d211bfec209ebf5e2d"		
314	"2 12268 189A ST, PITT MEADOWS"																										"807af0156c3fa2f6151f04d903c8bddf"		
315	"C 7208 89TH ST, OSOYOOS"																										"26433a416de8422e10be5c7f599331dd"		
316	"413 600 24TH ST, CASTLEGAR"																										"a063e8e6b12c60069bbc7fe282d2bcad"		
317	"8190 KING GEORGE HIGHWAY 72, SURREY"																										"4737e9ed09ccb09e30693258d90e2835"		
318	"10185 WEST SAANICH RD, NORTH SAANICH"																										"9036b9bcca750d177cacb22199007ded"		
319	"3433 25TH AVE E, VANCOUVER"																										"e975b8fd055504f8d81dbc335cff840d"		
320	"1 2154 ENSIGN QUAY, WEST KELOWNA"																										"6a8d9d9da6f0795837b46c543225ed76"		
321	"14 23387 70A AVE, LANGLEY"																										"0dc67f73de21701a3e095cb345d21cc6"		
322	"405 3668 WEST 10TH AVE W, VANCOUVER"																										"e1bcfbd6f573c93fcfc8b6af58f61788"		
323	"130 ROSS DURRANCE RD, VICTORIA"																										"2507b7e39478047fe2f71f5abb0a7295"		
324	"102 2865 PACKARD AVE, COQUITLAM"																										"50632ffd46e505be97ff5ad0ab426472"		
325	"LOT 6 WALKERVILLE ESTATE ROAD, MOUNT CURRIE"																										"d95a3942cfbcaf7ab31fa8165dd5fd25"		
326	"328 1800 58 AVE, VERNON"																										"67512278c9b96024c7e003c83b31a6fb"		
327	"2641 GIBBS RDP O, HAGENSBORG"																										"a07e344d3c782e4c3897927a85a8fe3a"		
328	"14784 58 AVE, SURREY"																										"5358aabcf7717c80f38d9c850866e5c9"		
329	"2007 2121 SIXTH AVE, PRINCE GEORGE"																										"6723536adb30bb6adc4ac34c634122fe"		
330	"12 3270 LABURNUM DR, TRAIL"																										"04fc8ed56977dfe5f736d85890aad979"		
331	"11641 227 ST, MAPLE RIDGE"																										"9ba55dbe10b2978db94b7d498b6d576b"		
332	"3675 17TH AVE, PORT ALBERNI"																										"7d230a6ed0f4087d31f34aa3083f4d5e"		
333	"70 KINUESO PL, TUMBLER RIDGE"																										"37c087a0076865cea533bc2fe68f5192"		
334	"6954 LAZY LAKE RDPO, WASA"																										"aeedf04314ec63c42629be70fab3920e"		
335	"314 135 ZIPRICK RD, KELOWNA"																										"936d682f09d256ef8277deaa8d798588"		
336	"20 20120 68TH AVE, LANGLEY"																										"f50ff1c3a3646e039a20181eb3d567b4"		
337	"9 46058 BRIDLE RIDGE CRES CR, CHILLIWACK"																										"8ddac3914bd705121d7fa196df070536"		
338	"14320 PELMEWASH PKYP O, LAKE COUNTRY"																										"6f045931e83b983811a580bdf3c9bb4e"		
339	"307 465 GUILDFORD WAY, PORT MOODY"																										"1a97e615952b9d5f3520bc43f93d4344"		
340	"312 2222 CAMBRIDGE ST, VANCOUVER"																										"00244582d17f97a00c1b6d530c9ee7ce"		
341	"201 2125 YORK AVE, VANCOUVER"																										"683601b02764c9988a053d5b057bf387"		
342	"5961 STUDENT UNION BLVD E11C2, VANCOUVER"																										"58f1ad85feee236ab03dfc09f6f10111"		
343	"5651 MACAULAY ST, EDGEWATER"																										"afcd9519cfd7b51627f4074d6dfaf41b"		
344	"8888 NASH ST, ALDERGROVE"																										"075cd4ca05cc3869a93ddd6c22cc67d0"		
345	"311 32044 OLD YALE RD, ABBOTSFORD"																										"b8ef7b761f16bd36f08623efb67a6e10"		
346	"107 6450 VEDDER RD, CHILLIWACK"																										"aaa8bcd824c7cba2d0cd31c7d9e57bf3"		
347	"1506 GALLIERS RD, COBBLE HILL"																										"e83a35b1ec9e210aa0adc392ad96935b"		
348	"305 611 WEST 13TH AVE, VANCOUVER"																										"d08ea17c07c1369dab690553425e93db"		
349	"388 CYPRESS RD, "																										"76a3616e8df30dcdce722577cd38a556"		
350	"5551 ADMIRAL WAY, DELTA"																										"37a11d33e45681be3e5231d391bcd029"		
351	"10708 113 AVE, FORT ST JOHN"																										"7ffb62642fef23ffe369fe8f7a7eea62"		
352	"9309 134A ST, SURREY"																										"027f19d3cc2fb303960a2037f902f25c"		
353	"6902 OKANAGAN LANDING RD 1, VERNON"																										"2f1ea8a9ca13a37b8980109f5bb5b96f"		
354	"97 1405 CARIBOO HIGHWAY S, WILLIAMS LAKE"																										"9fb8338840b00020de40447f7b9cf2c1"		
355	"854 EAGLESON C, LILLOOET"																										"8bfe92b24db6ca7ba080e4920a694cd0"		
356	"50 11940 OLD YALE RD, SURREY"																										"98ca9a4f83fbb9e8c3ce8dcced00c2b5"		
357	"382 ALDER ST, CULTUS LAKE"																										"8222da20f688f3270c5f0fcc820b8d94"		
358	"23925 GABRIEL LNPO STN FORT, LANGLEY"																										"3a650f7ec526c2a23a654aa74d06ff7a"		
359	"1462 10TH AVE E, VANCOUVER"																										"76b1fb722f2ce777c9dcfd3390b5eae2"		
360	"97 18777 68A AVE, SURREY"																										"d97e66e8539130a865983f2a0578fc8e"		
361	"8823 74 ST, FORT ST JOHN"																										"ab4e2d39a7bdc286f5347c083b23f038"		
362	"207 4TH ST, NANAIMO"																										"99072711c6e0a674877ac4c99fe7d8b4"		
363	"403 505 SIXTH AVE, NEW WESTMINSTER"																										"3936aa2192b41f9e7020bb0f508f748a"		
364	"204 200 BLACK FOREST TRAIL, INVERMERE"																										"8252feb4bff908c19c52cee3b11f2264"		
365	"210 10644 151A ST, SURREY"																										"a472b364d9fa954e1a41adc5f18bc91e"		
366	"605 8 SMITHE MEWS, VANCOUVER"																										"2a93f0d85ce4c33feb1917d36a87b0ce"		
367	"N 408 737 HUMBOLDT ST, VICTORIA"																										"4aa3b532c22377e943920312e1d95b4f"		
368	"302 4280 BAYVIEW ST, RICHMOND"																										"e4f540778d03b450c19eedd1fffa543d"		
369	"14590 85A AVE, SURREY"																										"bb149ffbc1dcabf9e7088af2285d151c"		
370	"10481 169 ST, SURREY"																										"5d05cf8450be0f73d02aca6b62c12565"		
371	"940 CAITHNESS CRES, PORT MOODY"																										"7a64d49634c64eb770a23b70973dc06d"		
372	"1 150 4 ST SE, SALMON ARM"																										"9fd6a0be95607b0ce6c991d09e40f9f0"		
373	"291 FOSTER CLOSE, GABRIOLA"																										"1a3350b8abcac832535769864be13fe6"		
374	"439 NOVA ST, NANAIMO"																										"518adfee126fca7568144f0ca2b9226d"		
375	"314 130 11TH ST E LEIGHTON APTS, NORTH VANCOUVER"																										"331dbd075ea9f3d4850864c3b1c2537a"		
376	"11024 REISWIG RD, LAKE COUNTRY"																										"7ebd81cfcc09088774deff2573cfceef"		
377	"6736 NICHOLSON RD, DELTA"																										"c809d87b0aa929e2b713aa5f97d6dc11"		
378	"4557 WEST 8TH AVE, VANCOUVER"																										"365d81c2bbd954aad6816066e84fcc9f"		
379	"319 BESSBOROUGH CLOSE, VICTORIA"																										"f3cdfc27f157ff1ed15845912950be85"		
380	"2145 43RD AVE E, VANCOUVER"																										"ed5a88bd458ce27cb608ef2501b981b9"		
381	"709 ROSLYN BLVD, NORTH VANCOUVER"																										"709a2aa4583dfa9f0d901ba190ba9040"		
382	"70 8780 FOREST GROVE DR DR, BURNABY"																										"22a560f9575572ff28f2444f61b90d69"		
383	"10111 103 AVE, FORT ST JOHN"																										"83f23ed032609733cf3d2e4a5ea4fc53"		
384	"2551 HARRIER DR, COQUITLAM"																										"a01dc7e00cca07ff0b9cdbfab175a5e4"		
385	"2709 13639 GEORGE JCT, SURREY"																										"10da7b214c9a14c05b7ff0508b7053c6"		
386	"34 800 SECOND AVE N, WILLIAMS LAKE"																										"d1ac21f1af8b178a9ab528ae99a909a5"		
387	"2901 SPARKS ST, TERRACE"																										"24d959c911f9013f2f40761ce29882d9"		
388	"1601 193 AQUARIUS MEWS, VANCOUVER"																										"20200ee512c65eea8e51f71954a0b5a8"		
389	"1000 KELLY LAKE RD, CLINTON"																										"928c192a0bb731f4aa7b2f7f1b4f1c08"		
390	"1130 SACKNER RD, VANDERHOOF"																										"be3fbd730d1c3cc6ec9e71306f36f775"		
391	"211 1545 2ND AVE E, VANCOUVER"																										"fe2825e7799928289b5c4dca41404e1f"		
392	"102 2706 PEATT RD, LANGFORD"																										"1755ac5f9b7d7f117ea4c97c586741f3"		
393	"31 1885 COLUMBIA VALLEY RD, LINDELL BEACH"																										"ee91926adc8a126e2cdb5a73385a307e"		
394	"6384 THORNE AVE, BURNABY"																										"8352a359498ee1cec1b65eaa432361c5"		
395	"2221 30TH AVE E 1605, VANCOUVER"																										"8fde68cabcbf9ad32c5d553e4629a673"		
396	"305 9175 MARY ST, CHILLIWACK"																										"b52324cbc559cf24f6c8e71d55ca5ae2"		
397	"7330 REBEKAH DR, VANCOUVER"																										"b53f70000547ba35487034a7b1fcf5de"		
398	"6881 LAKE RD, TELKWA"																										"6259e4841039221ed962ecedf8967133"		
399	"34 4600 BELLA VISTA RD, VERNON"																										"058024631f856b3ebb6108a8dee4c250"		
400	"2480 MILL BAY RD, MILL BAY"																										"5709d4fdb9acab24c059b94b87b0dc45"		
401	"304 15380 THRIFT AVE, WHITE ROCK"																										"728b1a158bda028e4c647b51a23ec662"		
402	"52 2000 TREELANE RD, CAMPBELL RIVER"																										"a028524f63ae6f312ec9565f47ee3623"		
403	"1716 QUEBEC ST BC, PENTICTON"																										"212d963f4abf4ff2cbcfeca983671fc9"		
404	"6479 AZURE RD, RICHMOND"																										"68d951a5a67390b09373c3bef1fd9f25"		
405	"778 CONNAUGHT AVE, NANAIMO"																										"df4c10840e889c6c23827f055b21bc3c"		
406	"5678 MANITOBA ST, VANCOUVER"																										"a7373a5c959884212dfa4368d3ebe54f"		
407	"133 4066 RAINBOW DR, PRINCE GEORGE"																										"892a87348881db09e7dde952814db17a"		
408	"326 12258 224 ST, MAPLE RIDGE"																										"8db1f7aff301cfb1eab8b81e922d472c"		
409	"3054 PICKFORD RD, VICTORIA"																										"b00f9c63a9afa87ab7ba752777b90b8a"		
410	"3 323 18TH AVE E, VANCOUVER"																										"c3f4783d038d095399a467b0231d8c59"		
411	"D 2341 YORK AVE, VANCOUVER"																										"a83efe3df439a131db1505f23fea72f2"		
412	"5114 209A ST, LANGLEY"																										"a0809750f09bf10d7bd89820951d2b76"		
413	"45847 VERBENA DR, HARRISON HOT SPRINGS"																										"6d20066f0b38a2d220fc41bf9f502668"		
414	"409 3021 ST GEORGE ST, PORT MOODY"																										"f30e14a1950b56fc68bcc9b17831da9f"		
415	"3550 REDWOOD AVE, VICTORIA"																										"ec90eaf1f3af3106edad611ff689e6c6"		
416	"706 4360 BERESFORD ST, BURNABY"																										"5137a107f9241a0498f19ebf8995a446"		
417	"7 1620 PIERCY AVE, COURTENAY"																										"b274be3fcc30b32ff879ff332c8c13e3"		
418	"210 131 6TH ST W, NORTH VANCOUVER"																										"d30190652b3760ccd080b14b095a94b1"		
419	"377 20TH AVE W, VANCOUVER"																										"98531d92b960dc87390aac39f956630a"		
420	"5951 BIRMINGHAM PL, CHILLIWACK"																										"34959b7f773d47e2c9a09336d96985f1"		
421	"4640 70 AVE NEP O, CANOE"																										"ff2c7cf80c633e4e23c37aae4d52427d"		
422	"7931 MCLENNAN AVE, RICHMOND"																										"80929cd4e236bc47ae2662a5eca2cc54"		
423	"2988 ALDER ST, VANCOUVER"																										"ad404115f641045119bf8bb4625a78c9"		
424	"201 649 BURNS ST, PENTICTON"																										"5cddc897eed5fe938d38695b42039744"		
425	"313 1035 BERNARD AVE, KELOWNA"																										"82dd4bd76bd2dcf8a983c0b3ed3045cc"		
426	"5909 HAMMOND BAY RD, NANAIMO"																										"6a1179372e7f77d1c14eba077933d8d3"		
427	"303B 10567 150 ST, SURREY"																										"088bdec6cb2a4616c7981aec33f023ce"		
428	"7464 TURNER ST, MISSION"																										"acf0326fa6f4e4c1b87d6a7b6894d933"		
429	"2338 HEMER RD, NANAIMO"																										"8ac9653ddc33db2abd16934a9670f333"		
430	"111 ABBOTT ST, PENTICTON"																										"7e0661beddc5561d73f3a7e1e8d29a04"		
431	"406 7151 EDMONDS ST, BURNABY"																										"3a0a923fa1575f88c854cc772a35d40f"		
432	"B 620 HOLM RD, CAMPBELL RIVER"																										"2678e12df70b08c5b61987bcf03d8de6"		
433	"4247 MERTON CRES, PRINCE GEORGE"																										"ff3db9f12af230d5fc4b7af3357d2a81"		
434	"148 1830 MAMQUAM RD, "																										"8aaee8281b3e3d612786764287733a33"		
435	"163 PYM ST S, PARKSVILLE"																										"6f5f1ace7d49f768abdf719bb45a00b6"		
436	"207 7339 MACPHERSON AVE, BURNABY"																										"0dbe0dcc55034ef26255d7bc7c1bc893"		
437	"623 TEMPLE ST, PARKSVILLE"																										"d9785732ece4b4ffafb3e8dfaa16439f"		
438	"207 2167 152 ST, SURREY"																										"6446c739401448b0c6cfb6de26c74662"		
439	"1110 ADAMS CLOSE, COBBLE HILL"																										"e3e53a64ccf8592bf4dc647934272a6d"		
440	"501 2055 PENDRELL ST, VANCOUVER"																										"f3199e5e4ee4e136eeb32a1576ba7e75"		
441	"13408 WOODCREST DR, SURREY"																										"2712441b3bb2c9a86238cc8c58c1c876"		
442	"16582 21 AVE, SURREY"																										"9b41249e6f1ddcf19d265f9f2fd3cdd6"		
443	"38872 GARIBALDI AVE, "																										"d709ef4b14401fdf92e70c7b0b594de5"		
444	"1565 FULTON AVE, WEST VANCOUVER"																										"d5c60405e6c261c32c566b1e31cb37ee"		
445	"1 1405 11TH AVE W, VANCOUVER"																										"952681906bdf5e3e5dea5db99844dc20"		
446	"14 12071 232B ST, MAPLE RIDGE"																										"56d76a987e7f514dab29ddb46ac14d6b"		
447	"209 A BROADWAY AVE N, WILLIAMS LAKE"																										"4feb3040bd69ee505b4d76638d5e7cb6"		
448	"38 7233 HEATHER ST, RICHMOND"																										"9f0a64aad04319ebcff2ec192df905ba"		
449	"3785 THURSTON ST, BURNABY"																										"a271b23017a53a87a3c8b6a114c7e0ee"		
450	"1501 MAIN STP O, MERRITT"																										"efc9bf5047e41d83c0bb456fc238d0e4"		
451	"11947 92 AVE, DELTA"																										"7b4463d41abcc0692c88a0523c14b66a"		
452	"B 290 NICKEL RD, KELOWNA"																										"63efcb14eba2a51e0c3d020384418431"		
453	"3 2066 3RD AVE W, VANCOUVER"																										"fd3c025ab55beae8e698b969e8412941"		
454	"5087 IRVING ST, BURNABY"																										"1fe64a927f0ebbd7777f7fafe84b7496"		
455	"105 4363 HALIFAX ST, BURNABY"																										"51e574c13b0ddc55667e799c9a3c27be"		
456	"45720 VICTORIA AVE, CHILLIWACK"																										"39e8103899316e679907cfce751aff21"		
457	"8748 ISLAND HIGHWAY, BLACK CREEK"																										"57c1267fcc9b451c7561a9849ac69199"		
458	"4462 GRACE CRT, VICTORIA"																										"2f134ebe431c46510e431b56314c9a11"		
459	"6612 ANAHAM RESERVE, BIG CREEK"																										"b8db697ecb3b461d03e2d1959d2bd288"		
460	"604 2025 BELLEVUE AVE, WEST VANCOUVER"																										"70bc8cdc31300bc5b0bfd5fe17af6e1b"		
461	"8 525 FRANKLYN RD, KELOWNA"																										"a48aa4c5ae95dbce0e02991d6e591409"		
462	"905 EDEN CRES, DELTA"																										"7f1a34656a9e3619b6f582e1642d1d4b"		
463	"6619 MYSTERY BEACH RD, FANNY BAY"																										"597a705322036a5f09afbf2c7ca9dd62"		
464	"T21 1250 KING GEORGE BLVD, SURREY"																										"dd78773f6919664b53f421b61b6643de"		
465	"103 9400 COOK ST, CHILLIWACK"																										"627b43f8fe69d59163dad6a646c94415"		
466	"4 1225 BROOKSIDE AVE, KELOWNA"																										"1db28c4a55f25598fe2fbe5dbf6cae16"		
467	"702 2280 BELLEVUE AVE, WEST VANCOUVER"																										"c1a4380fd22be24ff2cce4d8fe4e7897"		
468	"2944 VALLEYVISTA DR, COQUITLAM"																										"ed4e7e6355e6e062705152b21503d4a1"		
469	"1504 530 WHITING WAY, COQUITLAM"																										"c0940c481c36a9e96dda864eaae90ec1"		
470	"392 GRN PL, PRINCE GEORGE"																										"474ece40e7cca0d28795723352b4af5c"		
471	"3086 METCHOSIN RD, VICTORIA"																										"7164f2eb2ff0b4383e75c30b5a654fc5"		
472	"19719 35A AVE, LANGLEY"																										"342132514622555a29697fd832cf4c40"		
473	"201 7216 MARY AVE, BURNABY"																										"01af2530a6cdc52f42cb995aa35ba6b2"		
474	"5947 CHIEF JULES D, CHASE"																										"3b96ebea80ab20fe97184607e83d77b6"		
475	"5959 STUDENT UNION BLVD 310 GAGE WA, VANCOUVER"																										"12950babe91162c643acf93c39dc02d2"		
476	"8081 101 HIGHWAY, POWELL RIVER"																										"e6592f8950523e7a29380c77d7e4f442"		
477	"206 1516 MCCALLUM RD, ABBOTSFORD"																										"e6bbbcf862c60cb498a701408b359c8e"		
478	"1308 11TH AVE E, VANCOUVER"																										"d254a4b136c5e36fbc1002ffac24a70b"		
479	"6281 SWANSON RD, PORT ALBERNI"																										"5823689a762e093f5c8997ceca48c116"		
480	"1366 72ND AVE, GRAND FORKS"																										"77dfbf1d68bd0a4b6a1bfec49cc12672"		
481	"27 745 CHURCH ST, GABRIOLA"																										"a441157a26a6c83576d267b741044aa6"		
482	"9315 259 RD LCD MAIN, FORT ST JOHN"																										"df5e95752148fb2c868e8314cf9ba779"		
483	"1843 CRANBERRY CIRCLE, CAMPBELL RIVER"																										"532c2e74917372c5f35f74fa295ac497"		
484	"1759 FORT POINT CLOSE, INVERMERE"																										"4bc05fe6fb9037472e15e396ad0e1f2a"		
485	"404 3488 SONOMA PINES DR, FRUITVALE"																										"abef4cb02f71ddaa2302ce4f4e7405ee"		
486	"S 3B C 3, COALMONT"																										"8a4c46da4770597e83496f1c28f48ac5"		
487	"8703 PALMER PL, SUMMERLAND"																										"cd3e219e3e9f76b33cb953ac98c9e357"		
488	"105 2601 LOUGHEED HIGHWAY, COQUITLAM"																										"f6facd0a63789c33cca52170698e7b52"		
489	"D504 12667 110A AVE, SURREY"																										"2197e4a966d6d3ab138c52d57096961b"		
490	"108 9275 MARY ST, CHILLIWACK"																										"6c5e6434a51eb7dbeeaefe96176bda71"		
491	"704 1099 RICHARDS ST, VANCOUVER"																										"d83d077210fa00dcf19e8316786918ab"		
492	"21 121 FERRY RD, CLEARWATER"																										"e6fef4367d36bdfb9a10eb9b8a8e08f9"		
493	"109 3006 GLADWIN RD, ABBOTSFORD"																										"46cf64addc1076440c6a0c03497d1505"		
494	"409 55 BAY ST, VICTORIA"																										"3d9d30fe88c3774569be6518004075eb"		
495	"11091 163A ST, SURREY"																										"7314dc6a6b7e7140779f8fecc2bb1493"		
496	"456 PATTERSON ST S, PRINCE GEORGE"																										"54954a673292512a03a74b963840205b"		
497	"7264 10TH STPO, GRAND FORKS"																										"20efddfa4fc8b28369c8ec14db76d189"		
498	"1607 1075 SUNSET DR, KELOWNA"																										"b3876a927a4b5a4a9ee2391cc4b28a1d"		
499	"48 1238 EASTERN DR, PORT COQUITLAM"																										"476cbe105095b6eb827cde2d1b90f84b"		
500	"13735 91 ST AVE, SURREY"																										"7b25a71fd5fd1d4980851116256204fe"		
501	"B 117 NASS RDP O BOX GD, GITLAXT'AAMIKS"																										"64770a0e3da4a06f1f2dc0ab59a7ae6c"		
502	"9 900 FAIRVIEW RD, PENTICTON"																										"032113238ed80a3d5910528acfad63b7"		
503	"931E MARINE DR SE, VANCOUVER"																										"29f80e66d5a5675ceb7f57c5716e7714"		
504	"865 DEHART RD, KELOWNA"																										"acefbecab1253e6ae4f1c68a61a90489"		
505	"322 10100 NO 3 RD, RICHMOND"																										"4239a9109e14e017056c59a807dfc8ea"		
506	"215 2ND AVE W, VANCOUVER"																										"5c580ec3eccdaf9b019b4a070b933d74"		
507	"378 SUTIL RDP O, QUADRA ISLAND"																										"089b5d98b65742951a928dd65b356b45"		
508	"8 1000 SNOWBERRY RD, VERNON"																										"867ae19c4491b8f257a6a3c1837efc16"		
509	"2320 VISTA COURT, COQUITLAM"																										"40dcc5fe4b8b6ce6cf6af1ec498bcc77"		
510	"4505 CAULFEILD LANE, WEST VANCOUVER"																										"e014e2d8a0d2cec1598dee3108f44c2c"		
511	"204 42 CORDOVA ST E, VANCOUVER"																										"0cdebbc0f41e85cacaf948da482f0c28"		
512	"212 DESERT COVE, VERNON"																										"151cb7e3e6e1b2d8b8cf2e098d5592e2"		
513	"5700 ARCADIA RD 118, RICHMOND"																										"85cd8f910305d74fc2e4ae0fbb003614"		
514	"209 2429 HAWTHORNE AVE, PORT COQUITLAM"																										"32decb5f024307ebbdf6eff7adf59655"		
515	"703 1701 POWELL ST, VANCOUVER"																										"0c066afffccfd2391fd66f195937cf86"		
516	"42 9088 HOLT RD, SURREY"																										"2a33285bf4249b5480fc4b370e57b300"		
517	"321 722 VALLEY RD, KELOWNA"																										"79d51203ddca75fcaee0e62cc91057d6"		
518	"206 836 TWELFTH ST, NEW WESTMINSTER"																										"60473464a2acf7bdafdc55ea86ccdd98"		
519	"C 8716 17 ST, DAWSON CREEK"																										"7776d8d30dd79469f4c728c8555c22c2"		
520	"10515 QUINPOOL RDP O, SUMMERLAND"																										"294de198224e867ea88f175d44a6f2e9"		
521	"B404 31940 RAVEN AVE, MISSION"																										"3cf74e360aea273dfee2c286acd7a953"		
522	"3815 SOOKE RD, VICTORIA"																										"1fb266a41d94c6ed58f1bfeebc681a33"		
523	"3321 FLAGSTAFF PL, VANCOUVER"																										"86f13677cd95fbb4d5db1a1b73366c95"		
524	"202 1125 90TH AVE, DAWSON CREEK"																										"4c3dc68c718f2121fed3c4f083b715ee"		
525	"2336 JACKSON AVE, MERRITT"																										"b60c89a9e072ba4d2daac9247b86bdaa"		
526	"2880 DYSART RD, VICTORIA"																										"c72bc2c04dfab6f76c672a4b879e6745"		
527	"304 1260 BIDWELL ST, VANCOUVER"																										"4163128f804fd14dde4a7dd70e33eab4"		
528	"6289 SUNSHINE COAST HIGHWAY, MADEIRA PARK"																										"e9e7ebe356fc47f617c9c38c219203d2"		
529	"1058 HOLMESDALE ST, DUNCAN"																										"79233548efee7cea825c71be3f37fecf"		
530	"702 9288 UNIVERSITY CRES, BURNABY"																										"aa608fda5c0d7b6f8610f071989435fb"		
531	"28 1260 KINGFISHER AVE S, KITIMAT"																										"00773826e500d7aabc8f7092cb5374dd"		
532	"125 MAPLE CRES, PARKSVILLE"																										"784cb79ea7cd4ac22c38b3e179a98cc1"		
533	"110 158 PROM DR, NANAIMO"																										"796526c9616c86539eb33f5bd6f76cc8"		
534	"DV912 1935 LOWER MALL, VANCOUVER"																										"a7b16f880d0cc0017bb7f440e9539709"		
535	"1705 8460 GRANVILLE AVE, RICHMOND"																										"3e94e50a52cd5b24d1c4f479d2075e0e"		
536	"407A 3142 JACKLIN RD, LANGFORD"																										"84ea7d68ff51490d4c4fa0bfb70ecca6"		
537	"1027 COWERD RD, COBBLE HILL"																										"1db2c551e3b04ecc344b5399df702ef8"		
538	"54 16760 61 AVE, SURREY"																										"6e4ec7289f4c6028f3452089d550f4bd"		
539	"513 33886 PINE ST, ABBOTSFORD"																										"f90a8312efd4b6ae8ad40cfdb6e18422"		
540	"4623 SLOCAN RIVER RD, WINLAW"																										"c9caf6ecaa3b2b0d1d140641a7ba4061"		
541	"1219 JADE ST, QUESNEL"																										"4ace0278a1136b4a16becc66b0cc70c8"		
542	"202 711 GIBSONS WAY, GIBSONS"																										"e577151a5312e03f0816fb16a25f33b7"		
543	"804 23RD AVE E, VANCOUVER"																										"c9b93833009817a8aeff6f4941b1082d"		
544	"1466 CHARLTON RD, VICTORIA"																										"758f0eca67bfe6e5b6812c819d16554e"		
545	"12228 78 AVE, SURREY"																										"3461ff993532988f221cda4d97f49766"		
546	"316 8540 CITATION DR, RICHMOND"																										"af4bffee243f43a7dd7beecd1fcfafd5"		
547	"711 488 CARRALL ST, VANCOUVER"																										"3ed65eea7d57f4b16d2f6b72973e07d3"		
548	"407 2233 BOWKER AVE, VICTORIA"																										"c7d210e8cdecb5bde67fb2b330eed7aa"		
549	"902 1924 BARCLAY ST, VANCOUVER"																										"3f6224e0178ea4cf9f20627dbc024eed"		
550	"304 4031 1 ST AVE, PRINCE GEORGE"																										"797266d20c34300b3a1855fafaa0bdb6"		
551	"7011 2075 WEST MALL, VANCOUVER"																										"04ccd9a76b60df137f200dc0a802116c"		
552	"3472 101 HIGHWAY, POWELL RIVER"																										"4e5988eeebee910bd04091078a5f5ac2"		
553	"402 1 ST AVE, DAAJING GIIDS"																										"4fb4c593ccd451612a54f7ffc34fef14"		
554	"1901 2378 ALPHA AVE, BURNABY"																										"6b0fba43520943f59d82636def755203"		
555	"E 22 1900 STRATHCONA AVE, PRINCE GEORGE"																										"42f9ecded124089f912a1a4d86c7a545"		
556	"35 241 23 HIGHWAY NPO, REVELSTOKE"																										"784885ef3e467d88950ce88793c391f0"		
557	"13661 56 AVE, SURREY"																										"6fd37918fde77cefbed0425a1f2c71fc"		
558	"2595 TUPELA DR, KAMLOOPS"																										"da42e08bab89a73f8903506c57c79f5b"		
559	"2 6611 PEARSON WAY, RICHMOND"																										"817ecbf3bacfc41e93974c10ef4c6e0f"		
560	"1050 WEST 15TH AVE, VANCOUVER"																										"92713900cefedaf3aa346d18e4c9d3c1"		
561	"1660 9 ST SE, SALMON ARM"																										"bae34a295ac925bfc93d1abbb159cc60"		
562	"1 FIRST AVE, PORT MOODY"																										"a21e40bd41b1a8e9bdaba2a6e7d6a248"		
563	"10346 149A ST, SURREY"																										"fe9bc46cc025f13fdaac9f88c45c4455"		
564	"2046 RED WILLOW RD, QUESNEL"																										"6c8e2708a1cf15ef764d14a412cfb1a1"		
565	"802 581 CLARKE RD, COQUITLAM"																										"c146562501f424d31432b8eece727583"		
566	"HOEHENRAINERWEG 12 MARKT SCHWABEN BAVARIA, "																										"72d4717577540280c1e76cd408fd5066"		
567	"203 1131 LAWRENCE AVE, "																										"10108b7ce034ef274d503e5b047b89b5"		
568	"6 23627 132 AVE, MAPLE RIDGE"																										"e8bc9dc256dd2d16fafaac3f9aa46ab7"		
569	"301 SIXTH ST WP O, VANDERHOOF"																										"3239979bee80b6610b39272805711f0c"		
570	"208 322 15TH AVE E, VANCOUVER"																										"a211b7567bf5729646918d0ef9ee3c85"		
571	"408 1450 PENNYFARTHING DR, VANCOUVER"																										"b100ea67306dddf8bdc6fed45ce9bbd3"		
572	"2223 FOXRUN PL, NANOOSE BAY"																										"974121c86fdc4212252c85eae8315bef"		
573	"115 9177 154 ST, SURREY"																										"8e271d02456be4114f4db13a4b0f3d82"		
574	"207 512 ASH ST, NEW WESTMINSTER"																										"8a035a9e153c6f776d2a330e231026e9"		
575	"213 920 INNES AVE S, CRANBROOK"																										"0cff9d1d314d7007602604f73febd4da"		
576	"303 336 7TH AVE E, VANCOUVER"																										"2f5f880181e7dcd827f8b6561d35e272"		
577	"10104 ROBISON AVE, "																										"eac2173872881f3d9d5eece842164324"		
578	"1906 1424 NELSON ST, VANCOUVER"																										"f22fd0a00424267df9a2f2abe3cacf46"		
579	"1405 MCKENZIE AVE, VICTORIA"																										"5616f8904c9ce3bc4f7569a29a3844cd"		
580	"25502 BATHVILLE RDP O, SUMMERLAND"																										"0ca25d1b47cba96e2859cc57b120ce76"		
581	"108 24951 112 AVE, MAPLE RIDGE"																										"63f7b1a9a87628e625471db831003880"		
582	"202 1059 NELSON ST, VANCOUVER"																										"620bb0c96d09a467b54be380501e4d75"		
583	"406 1373 6TH AVE, PRINCE GEORGE"																										"6c0515f038e17a8216318ea5936498d1"		
584	"41 2951 PANORAMA DR, COQUITLAM"																										"31c636be1c89400f3094082b81d4c6db"		
585	"2839 CASTER PL, "																										"22aaef3a2ca787780bad95d19ba6769b"		
586	"4040 STARVIEW PLP O, GARIBALDI HIGHLANDS"																										"a67032afbbfed25e156fbd2663fceb32"		
587	"416 124 DUNLEVY AVE, VANCOUVER"																										"06e59f6589bcdabaf6c90316b97f5057"		
588	"17 383 COLUMBIA ST W, KAMLOOPS"																										"20eddebe686b14dcf5cd480d4288f8fd"		
589	"1402 1151 SUNSET DR, KELOWNA"																										"9abd1c7896602d6b01fcbd0b46f16ac4"		
590	"1434A ETHEL ST, KELOWNA"																										"8bfb96b76bbf8b7e3c2151bdaf7cf920"		
591	"3855 SQUILAX ANGLEMONT RD, SCOTCH CREEK"																										"832c77765393bd2b22f543fcf1379805"		
592	"2487 LAWSON AVE, WEST VANCOUVER"																										"51358312f28c1e1ba4c683b865153b3a"		
593	"301 1634 6TH AVE E, VANCOUVER"																										"3a71e09cf2145843915bd3d59df1efdb"		
594	"6 5681 LINCOLN ST, VANCOUVER"																										"d66544c8a4574f99e42e2a0a0b094297"		
595	"507 5920 IONA DR, VANCOUVER"																										"f89e9767058ff5f48f23128ec4f2e0b5"		
596	"4449 BEATRICE ST, VANCOUVER"																										"86e00319180bd114372f49de651695e1"		
597	"4182 THORNHILL CR, VICTORIA"																										"745d3a58761ef63f2c24c7b473e90a86"		
598	"602 1450 GLENTANA RD, VICTORIA"																										"b20464d8b8364ac2224d2a5bfa314b4a"		
599	"7738 HEDLEY AVE, BURNABY"																										"135de5d8d1922ae09d4968954b5927be"		
600	"203 3185 BARONS RD, NANAIMO"																										"fe677f0fd0e860b640b6e932362619a6"		
601	"1901 301 CAPILANO RD, PORT MOODY"																										"f16901b14f3fb8bcbdc8ecd284e7317e"		
602	"140 OCEAN WALK DR, NANAIMO"																										"cb061e44f5a4fd2ac2f34dcc9dfac694"		
603	"8946 SHOOK RD, MISSION"																										"0426c4c10df87f2143a8adf4e0357cf8"		
604	"1903 6398 SILVER AVE, BURNABY"																										"fa2f8cca62b90d505a4a299e46da901c"		
605	"406 6585 195A ST, "																										"805852e9fb527b30f67fc9a0e9ee6e58"		
606	"6682 UNION ST, BURNABY"																										"cdf944c6efdc8717105b79543d3e13a3"		
607	"309 5983 GRAY AVE, VANCOUVER"																										"e4bf42c4624461f60195fda84877467e"		
608	"418 3183 PIERVIEW CRES, VANCOUVER"																										"e531d6c6b6889adf348dfae589e3a91e"		
609	"1149 AMBLESIDE ST, SMITHERS"																										"bef90a6d8141163ab5365181371e4d77"		
610	"1076 MT IDA DR, VERNON"																										"a14af0843e7c3073d5333df9ece64042"		
611	"505 2200 DOUGLAS RD, BURNABY"																										"95271226144ce94755d33e474b576f14"		
612	"2965 RIVERVIEW DR, VANDERHOOF"																										"d183edca18b88b78a596b0409ce9bc2f"		
613	"203 368 LAKEWOOD DR, VANCOUVER"																										"c918ac9fea27f649ea7978e498f1c8b4"		
614	"1436 ALDER DR, PEMBERTON"																										"88b216af8449ee2c3d17ce7950ec5fb0"		
615	"847 HOLLY HILL RD, NANAIMO"																										"0d2196af3755d82354169664e41695c0"		
616	"419 KING RD, GIBSONS"																										"567a7a4dd48bb9a49fa73606ee74ed45"		
617	"69 9201 FOREST GROVE DR, BURNABY"																										"331a3e240d91132a22cc11919174808e"		
618	"A 150 NORTH ABERDEEN RD, COLDSTREAM"																										"b1a92b05007d6c9fd8d6bfe09a8c02e0"		
619	"4919 MEADOWBROOK RD, PRINCE GEORGE"																										"971432100f73b4103f48cd6b40742a4b"		
620	"2045 12TH AVE S, CRANBROOK"																										"ca61651664b92aca7318338b53c1723a"		
621	"1643 SPRINGHAVEN PL, KAMLOOPS"																										"62ca3b43e285ca46e3c8f0192902cb27"		
622	"407 3235 4TH AVE W, VANCOUVER"																										"ab240fb8f0edc8ddfaf94df6ea61fc0c"		
623	"212 8900 CITATION DR, RICHMOND"																										"0ac6a0d86bd1426e9307713523ee2aef"		
624	"1385 TAPPING RD, NORTH SAANICH"																										"b0836268338447a5cf4553415ffe8069"		
625	"280 255 NEWPORT DR, PORT MOODY"																										"d120f4f821ac4a0069eef8350e98d85d"		
626	"304 1550 DUCHESS AVE, WEST VANCOUVER"																										"0b50a1558970e10f7459e7928d994f19"		
627	"970 KENSINGTON AVE, BURNABY"																										"930cc6ae61fc93bb2160162356b7b9e8"		
628	"9953 READ RD, LAKE COUNTRY"																										"3b08bd75f8365dc42a4ce93f83e73865"		
629	"10971 241 ST, MAPLE RIDGE"																										"e2cfbb075285ede96f7d71484ddfa7c5"		
630	"702 BIRCH ST, CAMPBELL RIVER"																										"0ac048c771a1676572dc6dbbdd3b6ebf"		
631	"125 8288 207A ST, LANGLEY"																										"54110267370c40bcf0e3bc8726194f06"		
632	"3909 156B ST, SURREY"																										"329992243f2fd816e8aeb61b0c160a54"		
633	"111 6057 DOUMONT RD, NANAIMO"																										"6cbb79ff523213d11af7cb91d7877ebc"		
634	"408 2250 COMMERCIAL DR, VANCOUVER"																										"696747d9941dd8b62f49938139828f63"		
635	"108 3363 WILSON ST, PENTICTON"																										"cfe61c5c8d8ee46004076008905b9869"		
636	"1 452 HUDSON BAY STPO, HOPE"																										"7c4764ccd6ab7819fd11852f0777793f"		
637	"2262 MILLSTREAM RD, LANGFORD"																										"855152b6f5f73b6b1140737f63ec2b53"		
638	"30 15030 28 AVE, SURREY"																										"e68a6c013b3ec7c46c0efae9de7b3f0d"		
639	"626 QUEEN ST, NANAIMO"																										"07a9384c80dfcfbd02d4352c36694492"		
640	"969 38TH AVE W, VANCOUVER"																										"c35e30e400930ed890bce547aac2a7a3"		
641	"20679 GARNET VALLEY RD, SUMMERLAND"																										"b17664055d9b0571dd093812309a0f22"		
642	"908 810 ST ANDREWS ST, NEW WESTMINSTER"																										"29feb57c00bcc2d90fff2bca6a67155c"		
643	"105 7435 121A ST, SURREY"																										"67ef8b5c78df1991a7f9b5ed5dce94aa"		
644	"6300 COMSTOCK RD, RICHMOND"																										"f725ce12a70506af381ac002cfaadb6c"		
645	"7460 148 ST, SURREY"																										"7e66fdb64e661698022581fd1cbb7f6c"		
646	"309 707 43RD AVE E, VANCOUVER"																										"7c6d02d2580682ba1bc90edbdc278c4c"		
647	"3 1749 ABBOTT ST, KELOWNA"																										"a17cb4a483d023e515e4f3716c35725a"		
648	"BRENTWOOD SCHOOL, NORTH COWICHAN"																										"453b9426477a70c788e5d76458564dbe"		
649	"205 1046 WEST 13TH AVE, VANCOUVER"																										"6868b1ca94e4cd3b20fb59b0cd6aba0c"		
650	"579 BEACH RD, QUALICUM BEACH"																										"3920f781df0de9629d86ff334ada2da8"		
651	"6470 BRAZLAWN DR, BURNABY"																										"31f50f1f4aaaf24c2b7b0170ce62cfed"		
652	"711 POPLAR ST, COQUITLAM"																										"1ebfddf610d534568d97a2ea1bc1c2a5"		
653	"504 1581 FOSTER ST, WHITE ROCK"																										"7b9047cabd24bb71716ef9723459816d"		
654	"1226 NOVA CRT, LANGFORD"																										"4dc1a107d7b1662bd57bcaaec9a3167d"		
655	"107 1134 KING ALBERT AVE, COQUITLAM"																										"0d53922384dc07a13351a38b0e7b62d5"		
656	"10 9137 96A ST, FORT ST JOHN"																										"cdd3cdc96c278d3a2628f1bd12e41ca5"		
657	"215 5011 SPRINGS BLVD, DELTA"																										"7ee8042b053a0c1f48b8f605c2004b34"		
658	"8147 EAST SAANICH RD, SAANICHTON"																										"a79ea1599de23027e57c4691bc20a1ab"		
659	"335 MARINE DR, UCLUELET"																										"30496d7af63d696ae7010165f5ab6b98"		
660	"120 46511 CHILLIWACK LAKE RD, CHILLIWACK"																										"d266349fe8f0301baf866db3d7660ee9"		
661	"403B 45595 TAMIHI WAY, CHILLIWACK"																										"5d177587606d0f062cf50e767f493331"		
662	"32093 MELMAR AVE, ABBOTSFORD"																										"a3644844faba79e63aca1f42a6ea1f4f"		
663	"6091 IMPERIAL ST, BURNABY"																										"d0184df55743478aa06cf20209021396"		
664	"14345 BLOCKLINE RD, POUCE COUPE"																										"85df07ea0421a9ac24d49a18736af664"		
665	"5965 PRINCE ALBERT ST, VANCOUVER"																										"017a5bc5c2c46fbd1e89d9a090ee45c5"		
666	"780 OCEAN VIEW DR, PORT EDWARD"																										"27c051818d1ae46b7825356a55f40854"		
667	"1509 10TH AVE E, PRINCE RUPERT"																										"2362a6951420de99cf42025226b3c179"		
668	"SURREY PRE TRIAL 14223 57 AVE, SURREY"																										"76d494431be21a52b55ef43bb9a4d04b"		
669	"552 60TH AVE E, VANCOUVER"																										"5c779dc2c4663f02a5fd378be0ffb181"		
670	"856 SWAN ST, VICTORIA"																										"9737dbe4d2ecea9413735e012a80cc77"		
671	"212 3663 16TH AVE W, VANCOUVER"																										"b4ce068a85c92ff4fd34e14541f6b0ae"		
672	"658 NATURE PARK DR, CAMPBELL RIVER"																										"4230cb9531f192e4e0fb0adc6cc9d3b6"		
673	"903 1045 AUSTIN AVE, COQUITLAM"																										"0deb505478bc731f9f2bf49c7f4c5f5a"		
674	"3603 ROSS RD, NANAIMO"																										"5fee23b24278c65bb3588a0dd3baae7b"		
675	"3245 ALBION RD, VICTORIA"																										"bd4635aeda8dae42302a274179763dcb"		
676	"1901 PATRICIA AVE, PORT COQUITLAM"																										"a3ab729cf05b02dbdc0536bad765fe4f"		
677	"2829 RICHFIELD DR, VERNON"																										"1fc2b9f4075712979d39278c22602ecb"		
678	"1560 VIEWMOUNT RD S, SMITHERS"																										"dec2daa2c79e69f92a72bbb49aa05426"		
679	"610 MIDNIGHT DR, WILLIAMS LAKE"																										"dffccf192dd586973db4348b4949cdd0"		
680	"6281 BOUNDARY RD, VANCOUVER"																										"67c0f53d0c8522bda794e8083ce2310b"		
681	"20 9053 SHOOK RD, MISSION"																										"d2d842058f6a22aea01b089f2378e730"		
682	"13575 WAGON WHEEL DR, LADYSMITH"																										"d2e7e095f4e2e0faa9b7b2774ab984d8"		
683	"22 RIVERVIEW DRP O, DEASE LAKE"																										"0653370bde82c81b5184e8485b8345e4"		
684	"936 HARRISON WAY, GABRIOLA"																										"7175b308ef2e8255529213f7eed0eb39"		
685	"27 HONEY DR, NANAIMO"																										"41e47459ba4cb4c1d823c84e8a1d2d58"		
686	"13 21848 50 AVE, LANGLEY"																										"13b0fb04f689d9d9233d972dbccaa272"		
687	"8651 206B ST, LANGLEY"																										"179b237b2751835572f6b54c4c436690"		
688	"103 404 SEVENTH ST, NEW WESTMINSTER"																										"abadb85bc8a6efc3ba6ac5aa74494a3f"		
689	"11334 140 ST, SURREY"																										"abd379329bc113bab62a4cd0f6f7e367"		
690	"13739 111A AVE, SURREY"																										"7b494d0b1a253a072bdedfacca6d9767"		
691	"14323 57 AVE PRERTIAL SERVICES, SURREY"																										"c68edfca357c4bfb43dd0668871912c8"		
692	"4124 SANTA ANITA AVE, VICTORIA"																										"e5be0d3c402ab0c3d73942bf9f03b1da"		
693	"21059 45A CRES, LANGLEY"																										"9505f7577c3aa50b19e65caed41ab6ca"		
694	"4006 24 ST, VERNON"																										"49979cd37435338546f2f6c6bff538b6"		
695	"701 CAIRN RD, ESQUIMALT"																										"99071fdd7d9052fea16fbe3e908beb3f"		
696	"1881 PITT RIVER RD, PORT COQUITLAM"																										"c1ca5b8dd39551ed802324293fa4be3d"		
697	"609 301 NURSERY HILL DR, VICTORIA"																										"a4757523245749080e7157d29f8bd5fe"		
698	"88 20038 70 AVE, LANGLEY"																										"8b2bdbfbf55696f3bd928ad123a092b9"		
699	"616 BROADWAY ST, VICTORIA"																										"ea50ad3e096fb640d02bb7e6991d43d1"		
700	"108 10061 150 ST, SURREY"																										"7bf987806b4d5224764254326dc9f7f8"		
701	"5375 KENSINGTON CRES, WEST VANCOUVER"																										"04432bde0961fad54e284670fad516ce"		
702	"214 15238 100 AVE, SURREY"																										"3a1a6ad5d6bac7d74c21a17b5dc62262"		
703	"104 12155 191B ST, PITT MEADOWS"																										"80b576bc39adf1a1800025c99208a2bc"		
704	"2 2474 21 ST AVE E, VANCOUVER"																										"12a08eed95f4bf595e90f64ff630df70"		
705	"602 1150 BURNABY ST, VANCOUVER"																										"53758861e2f58af6b1e42687adf61b34"		
706	"6 7170 ANTRIM AVE, BURNABY"																										"9eee2301cc56702cfb42a40dc1ca6bb6"		
707	"7075 SILVERDALE PL, BRENTWOOD BAY"																										"72bf3626383e806b839cdb55df57648d"		
708	"104 2133 DUNDAS ST, VANCOUVER"																										"13132c34d4e0add3905959b7ccd38ab9"		
709	"2770 COLERIDGE AVE, VANCOUVER"																										"8899275239e7bb48cdab9a06d1a1e7b2"		
710	"240 4TH ST, SOINTULA"																										"19ed7182cd7d7a273f0ebefc23252d25"		
711	"16738 17B AVE, SURREY"																										"bd592d5e19a8796c680769e5ee7978bc"		
712	"2133 208 ST, LANGLEY"																										"4d2cce4637701770527f1146d177b19f"		
713	"33753 MAYFAIR AVE, ABBOTSFORD"																										"f58b92e443a61a1ad3c8de0396b80ec6"		
714	"34840 MCNAB AVE, ABBOTSFORD"																										"452789b5a2226291e19cb3df8b888015"		
715	"2463 OTTAWA ST, PORT COQUITLAM"																										"5291cdd2647a4961e94b48efa8e2b084"		
716	"1300 HIGHWAY 21 N, CRESTON"																										"df98045b03dad4e4b4f59a9200ee0c6b"		
717	"1 44420 SHERRY DR, CHILLIWACK"																										"e38433551eeef6ad47224766dc11d0c5"		
718	"3605 CADBORO BAY RD, VICTORIA"																										"0bb4695e73ca8ca3201335fe907e5932"		
719	"3521 CREERY AVE, WEST VANCOUVER"																										"6f7bbd24cb05ad70dc4aaf2cecbdba13"		
720	"4879 HAYNES RD, VERNON"																										"e36b9f3d95a29c858ab0d794858bf073"		
721	"4 7251 CARIBOO DR, BURNABY"																										"54776411ff03f02b81b4b392b74e321d"		
722	"1207 6288 NO 3 RD, RICHMOND"																										"7f3ee13c645bf58493d9430cf56fe897"		
723	"4820 WILLIAMS RD, RICHMOND"																										"af6484691d853465a5a8bf4c20e4e35c"		
724	"22 5330 BROADWAY, BURNABY"																										"5cd489d8688143eeec64c0f9c30e86cb"		
725	"46410 ANGELA AVE, CHILLIWACK"																										"309bf5565816962face3e960ae510c66"		
726	"207 20064 56 AVE, LANGLEY"																										"2d57a21b69c0579b9485c0736b4b1cdb"		
727	"4740 SCOTT AVE, TERRACE"																										"b494464f01e524e26244fd6e558685f8"		
728	"963 SLUGGETT RD, BRENTWOOD BAY"																										"bbf26d1d8736a8211eee1d92388c16eb"		
729	"8600 ACKROYD RD LANSDOWNE GROVE, RICHMOND"																										"c3938714dab750939af8ab5aef54805e"		
730	"30 7665 209 ST, LANGLEY"																										"10c970e21def4ef404f789043b63fbfe"		
731	"13274 POTTS LN, GARDEN BAY"																										"c1f08eefcb43e8e460d5eab13f4203ac"		
732	"201 38275 THIRD AVE, SQUAMISH"																										"0e788d3ae43a632851eb92525c10d3d4"		
733	"305 15300 17 AVE, SURREY"																										"2c123d59543bbc60c56cbaceeee55b23"		
734	"1735 DEEP CREEK RD, ENDERBY"																										"4bf94f4c389f5292b55f984edfc10313"		
735	"2105 RENNIE PL, SIDNEY"																										"a32d41d6729834a6361d22da8452f040"		
736	"894 COPPER POINT WAY, INVERMERE"																										"9c9d197cd9ab9ce770e5d2fc1ffa1ef9"		
737	"2060 BLENHEIM ST, VANCOUVER"																										"f62b68308b0c8f26a99ae29ddb1309c2"		
738	"9242 203 ST, LANGLEY"																										"f3648f81c1ac8d6727a12b78870001a4"		
739	"6762 EAKIN DR, SOOKE"																										"486b277a5d2518baed6f08cc23237403"		
740	"4370 WILLIAM ST, BURNABY"																										"b519c91279bde2e6a59bbcd335f8332a"		
741	"104 TATCHELL RD, QUESNEL"																										"74a58f1df98ca8ea7ccc42f78fd0d4ce"		
742	"8680 ROSEHILL DR, RICHMOND"																										"262595fcb15262100896bfde4dc72b4e"		
743	"1 32310 MOUAT DR, ABBOTSFORD"																										"8aed8e7aff523bbaae384b68c8cb6539"		
744	"2802 1067 MARINASIDE CRES, VANCOUVER"																										"5aa2ac0c25d7208ab403c86977b7065e"		
745	"2905 58 KEEFER PL, VANCOUVER"																										"04ff026b71d6ff3155f33f26b277372b"		
746	"3257 WILLOWMERE CRES, NANAIMO"																										"b79d4d71ba50b5bd42d321e19c825528"		
747	"706 7575 ALDERBRIDGE WAY, RICHMOND"																										"b8a12f521cabfa3344327955dbeac3f4"		
748	"431 WALTON HEATH PL, NANAIMO"																										"489f2702cc3e2718b1463519336d2248"		
749	"185 HIGH HILL RD, SALT SPRING ISLAND"																										"e45c7d0f93aeb4ea9772a7e4527a114a"		
750	"6160 PINNACLE RD, NORTH COWICHAN"																										"cbd3a947471d28dfe6cff97e7f81942a"		
751	"919 SUMMIT AVE, PRINCE RUPERT"																										"b7cc77c2c434669cdcf2e2aa7a068d5a"		
752	"311 128 6TH AVE W, VANCOUVER"																										"27e5a37c8a2c4ab705c18ecc4bae3085"		
753	"6068 OLYMPIC ST, VANCOUVER"																										"fcc5fd09ee644a97f776d69f3d48a78c"		
754	"2972 PINETREE CLOSE, COQUITLAM"																										"88e564370db4e0bde680fd378ebc38e4"		
755	"336 WILLOW ST, KAMLOOPS"																										"18756d1eff22b2733191a984ef33245a"		
756	"9571 THOMAS DR, RICHMOND"																										"c407d260b69d1a54846a98d9f03a9402"		
757	"33270 BROWN CRES, MISSION"																										"7dfda7923c6808cf9481935fe87e14ff"		
758	"2428 NADELY CRES, NANAIMO"																										"57d211ea12eef0afdbad381aa888dc2a"		
759	"6855 COPPER COVE RD, WEST VANCOUVER"																										"2334f3ca9e889141b4b1e829566b58d6"		
760	"8 15950 ALDER PL, SURREY"																										"f8acf5a9a8be3fec3dbc9e95fe82f06a"		
761	"128 3529 BAYCREST AVE, COQUITLAM"																										"c4f31e0ccf57e7f81fba7da8a586bfad"		
762	"114 1063 K L O RD, KELOWNA"																										"99c42bdd1a1480ba6a945ebfb8c3670d"		
763	"1 221 3 HIGHWAY EP O, TULAMEEN"																										"b3cc8af259dc8e7f0d46172269a46c01"		
764	"9639 153A ST, SURREY"																										"7d1291ddf9e91692f0b7e07421da854c"		
765	"116 4913 HERITAGE DR, VERNON"																										"12c375752410b0e1a9d2fcb45e34165a"		
766	"509 INNES ST, NELSON"																										"a79cb8be272b6382f8efea8392ac3fa8"		
767	"3873 GLEN CANYON DR, WEST KELOWNA"																										"0a34d14370f82baa308aac6c7e4a3781"		
768	"8630 ELM DR, CHILLIWACK"																										"f4731da81d7c339e3931afdbfaf39fdd"		
769	"3408 SAWMILL CRES, VANCOUVER"																										"596d0be45edfd4038845791d7e663281"		
770	"3611 SEMLIN DR, RICHMOND"																										"5912f67e8e2160d81bc437935573b7b0"		
771	"310 1900 MAYFAIR DR, VICTORIA"																										"12583d61930909e0ca74c148ca476bc2"		
772	"255 WESTWOOD RD, NANAIMO"																										"30d978b2cf48a970f9ed5d1917c6264e"		
773	"301 1949 COMOX ST, VANCOUVER"																										"945081da819e15ce726577fc77d79e5a"		
774	"202 2736 VICTORIA DR, VANCOUVER"																										"b4897029b16aeab3b8d5574a390d1682"		
775	"1887 KOOTENAY LNP O, FRUITVALE"																										"49cd7b64a782638f24da3dac5a33a0cd"		
776	"104 1042 NELSON ST, VANCOUVER"																										"de655cc8e0e97d6743c5b68a722ef578"		
777	"2558 22ND AVE E, VANCOUVER"																										"7d0ea842864bc988955f172a1399e475"		
778	"5885 BROADWAY, BURNABY"																										"dbeeb00658001632f1adf79003627742"		
779	"801 699 WHITING WAY, COQUITLAM"																										"8f3549ce20b09357b82dc9571c4d9951"		
780	"202 1129 PENDRELL ST, VANCOUVER"																										"e838eec2a68711a9fbd4433748d33ef5"		
781	"1 1750 SALISBURY AVE, PORT COQUITLAM"																										"8e35b646e7bc137e401bbe46c442d858"		
782	"18223 66A AVE, SURREY"																										"4e0dc6af65aa5fc409594e7ad57eba21"		
783	"404 13308 CENTRAL AVE, SURREY"																										"85f10197517fc3c9ff67438cc46cedcb"		
784	"526 20TH AVE E, VANCOUVER"																										"239b87782a4359107a7d8749a0ba5274"		
785	"6982 190 ST, SURREY"																										"b9958eefa047a27352d9cac8f0300981"		
786	"B 5332 DEWAR RD, NANAIMO"																										"6778b71aecd7f06715f06629ef9e169c"		
787	"471 WESTLEY RD, BALFOUR"																										"24e9d266b917c2f417b3ee8a5620c31b"		
788	"5362 CYPRESS ST, VANCOUVER"																										"34f0b4ff3e44e6cb1b9f52110d63fd39"		
789	"23 7400 PLEASANT VALLEY RD, VERNON"																										"dc794057cf24c59f5160c6d8ded8627a"		
790	"3149 COOK ST, VICTORIA"																										"a8e340bc8ac268253db921835172868f"		
791	"515 LANGHOLME DR, VICTORIA"																										"bcd70b76e67fadb7da231b612348f1f8"		
792	"30 5556 PEACH RD, CHILLIWACK"																										"97149403e4598327fb945651ae79f506"		
793	"113 1530 WESTSIDE RD S, KELOWNA"																										"6a7590edbd632fd86c0e44919a29abc1"		
794	"613 AHBAU ST, PRINCE GEORGE"																										"3b9285607df69d6c7b267ff84fb23162"		
795	"306 646 44TH AVE E, VANCOUVER"																										"1a609aa65c9662cdcb1a489f483c4c68"		
796	"401 21 ST AVE S, CRANBROOK"																										"2980408f6d4a9f2d715de95773634886"		
797	"606 150 24TH ST, WEST VANCOUVER"																										"9b56f318565280b000b0e82322715756"		
798	"10 1375 ORD RD, KAMLOOPS"																										"2dd2a8f47b1de2aaea4ef65ffe5c00bd"		
799	"1360 EPLETT PL, NANAIMO"																										"384bbee1db6ca67118587642b0ddc24e"		
800	"97 6673 138 ST, SURREY"																										"4a0a53299607ba96a61e5154f591f194"		
801	"14 5520 MCCOURT RD, SECHELT"																										"0d18bec95128209a16d0512834d32af6"		
802	"5 5600 DALHOUSIE RD, VANCOUVER"																										"df1bc88050c815e62bfe080574c49336"		
803	"310 3962 CEDAR HILL RD, VICTORIA"																										"8ad547ccde548825f1736709478b9a28"		
804	"2911 4720 LOUGHEED HIGHWAY, BURNABY"																										"f38d596431d131f3b8ddd98591b41804"		
805	"34566 DEWDNEY TRUNK RD, MISSION"																										"0a36e90b8d5c8e0197e9256e3b0c8120"		
806	"45625 STEVENSON RD, CHILLIWACK"																										"4e142526fe28e911f02a202a93387604"		
807	"14780 WESTMINSTER HIGHWAY, RICHMOND"																										"c2834afa82405b581485eaec1e34d2f2"		
808	"131 45TH AVE E, VANCOUVER"																										"9024ab2efee56b49735815cbdcff1585"		
809	"22972 88 AVE STN FORT, LANGLEY"																										"000883572448b3120c8068d16cbdc37e"		
810	"8 1282 PITT RIVER RD, PORT COQUITLAM"																										"a0001c74f6b58b807555076816d73255"		
811	"38 PEACE PARK DR, SURREY"																										"a8e57d022864844bcd942d5cdb11fd42"		
812	"30435 HAWKINS RD, ABBOTSFORD"																										"b1dc5aedce6c037db6201faab8727a7d"		
813	"3585 OLD CLAYBURN RD, ABBOTSFORD"																										"a0b929ea593bd3b5aefa654827c7382e"		
814	"3132 EAST 29TH AVE, VANCOUVER"																										"34db6b5c45b1225a15ea41cbaf4823de"		
815	"2535 SELKIRK DR, KELOWNA"																										"70e5a29ee35abf086aa4a3528b07d708"		
816	"8310 GLEN CRES, PRINCE GEORGE"																										"e934e5914489406fb3acc653a270230b"		
817	"617 970 22ND ST, "																										"c3f1719175f16833227872b808e32cad"		
818	"1217 HORNBY ST, COQUITLAM"																										"d6389e55a6bcf3ef7f4139b7b6284e9a"		
819	"405 4006 4890 LOUGHEED HIGHWAY, BURNABY"																										"64880f50212a5ea20e0ef0c9ea2c6203"		
820	"1014 NIGHTINGALE RD, MILL BAY"																										"616eaac73db916067169d7a819890104"		
821	"201 186 ROY AVE, PENTICTON"																										"787a9c568db1a55cccc37d84595510af"		
822	"168 45900 SOUTH SUMAS RD, CHILLIWACK"																										"c6b34e17f9f6d73eaae605739a715aed"		
823	"4376 1 ST AVE, PRINCE GEORGE"																										"c5c4bcd655190081665bae77591112f9"		
824	"3379 SANDERLING WAY, LANGFORD"																										"c8866bceab6ebaf409e24ab9aeb7e91a"		
825	"2645 TRANS CANADA HIGHWAY E, KAMLOOPS"																										"6d795373aa61b77aacd8ca8241511eeb"		
826	"3409 NIKKEI PL, CUMBERLAND"																										"1bb32ab0332cce37578234f6bf04487b"		
827	"24249 102A AVE, MAPLE RIDGE"																										"da1857d13cab5779e20e0b4cca976fd0"		
828	"11 50354 ADELAIDE PL, AGASSIZ"																										"e216ad8629cf26508d768694f6938ae4"		
829	"14288 MELROSE DR, SURREY"																										"508facfdb6f57cc36e0e5f68cbffb19f"		
830	"1907 1045 AUSTIN AVE, COQUITLAM"																										"526a8fef1f0a4523471de5da5d41266e"		
831	"211 469 LAMPSON ST, ESQUIMALT"																										"81c223a87cdabb2d453719312ea45b00"		
832	"1405 159 WEST 2ND AVE, VANCOUVER"																										"8265eb3062b28785667ff2a34117d35d"		
833	"424 ALDER PLACE, QUADRA ISLAND"																										"ed63d8b532c2adae0cf9b7b1fa1169ac"		
834	"3775 12TH AVE W, VANCOUVER"																										"e405da022ebac5bd9a1e2641203679c9"		
835	"112 MCDOUGAL PL, PRINCE GEORGE"																										"c1272caace2a58f58959abbdebbb2662"		
836	"213 1999 HIGHWAY 97 S, KELOWNA"																										"aa61950266f02178a95f69881048505c"		
837	"16605 18B AVE, SURREY"																										"c7eead812a623f38d5b334747e54af02"		
838	"610 5311 CEDARBRIDGE WAY, RICHMOND"																										"c38393265dc3a7fb6239e0257ff60368"		
839	"5386 BLUNDELL RD, RICHMOND"																										"b08b1b6dc944aaa996a82a8fb8b71e3d"		
840	"203 3560 HIGHWAY DR, TRAIL"																										"f372a2bfe4852a517495e31b2f9c8420"		
841	"2156 44TH AVE E, VANCOUVER"																										"2cbd6e5d1b32595d9580e994ebc3400e"		
842	"321 3122 ST JOHNS ST, PORT MOODY"																										"f2c9ecb1b0c1373cdaf85d20c89c78e2"		
843	"607 1908 SCOTIA ST, VANCOUVER"																										"996eff739da30a5643d4bd7ceb33c441"		
844	"1000 9 AVE, VALEMOUNT"																										"44801303265e24104771ab668391a96a"		
845	"42 3497 GIBBINS RD, NORTH COWICHAN"																										"09df48e0155ebfb3b8afde9102dcbbae"		
846	"3520 MANITOBA ST, VANCOUVER"																										"fafba7a7aa89353bb8f5a6fbd1c85836"		
847	"10456 140B ST, SURREY"																										"44a7824b23ef52e13e02c7df1400e9d1"		
848	"410 5835 HAMPTON PLACE, VANCOUVER"																										"70a13011eebb598874c1dcb8755f335a"		
849	"13183 CLAYTON HILL DR, SURREY"																										"080906157f08a16965b6fadedf1d56a4"		
850	"309 2780 VALLEY CENTRE AVE, NORTH VANCOUVER"																										"8e8875a7429f35f1455ce3a75e8f64ba"		
851	"7373 CULLODEN ST, VANCOUVER"																										"9b2e0e305f1500a1c5b1d5ba2977e7d5"		
852	"524 8988 HUDSON ST, VANCOUVER"																										"d876c3bc5578dea24fcd4a2b5403e794"		
853	"2285 DENTON RD, SOOKE"																										"de3d82b12f7fe4e5398aafc10c1c5621"		
854	"5977 HIGHWAY 33, BEAVERDELL"																										"dfbaf6744e268f6e5ec6cd240188e34c"		
855	"164 6299 144 ST, SURREY"																										"2cc8de029dbae1d0fd0ce3f1c9209670"		
856	"304 566 STEWART AVE, NANAIMO"																										"b76ff6a55b4285e327073205217e7daa"		
857	"4771 CROFT PL, PRINCE GEORGE"																										"4133f6f61d9b8f4316e7dc0099df5961"		
858	"7391 WALTON MOUNTAIN RD, NORTH COWICHAN"																										"68ce0f3f0030372466af74fa112fad4b"		
859	"45 8400 FOREST GROVE DR, BURNABY"																										"fc93404149684a2cdb32d1a7d6b86d44"		
860	"2847 DUNLEVY ST, VICTORIA"																										"9b71e632fbe4c23331822d5c8ac123c4"		
861	"405 19935 75A AVE, LANGLEY"																										"9637ade43cab04192b528826e270b34b"		
862	"11781 243 ST, MAPLE RIDGE"																										"41986ddaa3010120c4bbe3bcf48359a1"		
863	"1008 TENTH AVE, NEW WESTMINSTER"																										"6705a65335128cfe047ee73740007fa0"		
864	"5746 INVERNESS ST, VANCOUVER"																										"f266d0b8134907dd54a5bcbfce097791"		
865	"1766 KISBER AVE, VICTORIA"																										"405c16df8626d086bfd141beb5e92610"		
866	"208 18975 FORD RD, PITT MEADOWS"																										"a7b04a492bc831bfc3771d63434c7fc8"		
867	"2059 EAST 52ND AVE BC, VANCOUVER"																										"14d5e33edbbaab6be9fae4618c9bd345"		
868	"111 3896 RAILWAY AVEP O, SMITHERS"																										"4c762ffc8e0ecc1867519471e49bb799"		
869	"245 WINDSOR RD E, NORTH VANCOUVER"																										"4d0917bd6bc1fcb086391f58bca7b9fc"		
870	"312 19577 65B AVE, "																										"644622083c4540cfac835fb6594c734c"		
871	"1 6250 PALAHI RD, NORTH COWICHAN"																										"63b6a5b158de7d5688b6ef14c9e1bd7c"		
872	"1201 GAWNE RD, NARAMATA"																										"fc8bba09ee8104817fbda596e40a9539"		
873	"950B GILLESPIE RD, SOOKE"																										"0fe4b7a81d12ad14372f8286e47639f5"		
874	"327 850 SAUCIER AVE, KELOWNA"																										"38cd8fa90605a91fd8b094de2f7b6700"		
875	"3697 SEAVIEW CRES, LADYSMITH"																										"e33c9d810aec6a9058b2cdba2d6fce19"		
876	"107 7525 TOPAZ DR, CHILLIWACK"																										"291b4929b95c9832d9ca4185edc51044"		
877	"3 23580 DEWDNEY TRUNK RD, MAPLE RIDGE"																										"8b82eed3bec17f04626bffee62727762"		
878	"16 554 GOLDSTREAM AVE, LANGFORD"																										"721c0162ebd0221308a6246f6fa2be01"		
879	"630 FAIRBRIDGE RD, KELOWNA"																										"7a0e075601ee0144c0c22d123c520a96"		
880	"3859 BONNINGTON RD, BONNINGTON"																										"e8f00712af140881373eae0ef090a604"		
881	"217 33 HASTINGS ST W CHELSEA INN, VANCOUVER"																										"0b488e5250e559f070cffc66ad3c72a1"		
882	"14887 21B AVE, SURREY"																										"5620b5986af785b1ad73ac506fa10eaf"		
883	"16073 STURGEON PT RD, VANDERHOOF"																										"fe34e0c67b9c86535eadd1d99824badc"		
884	"9076 160A ST, SURREY"																										"e72c7b5b592cbdedb05155a7aacc97f0"		
885	"8080 DOMINION PL, SURREY"																										"d2976dbf37a1d56b4017345c7543c4b8"		
886	"313 1417 8TH AVE E, VANCOUVER"																										"680f173f760f5005ec49092d0ec83ab1"		
887	"3022 DONALD ST, VICTORIA"																										"fbd536b9b8744ae043d8cc2252e89a4c"		
888	"408 13688 100 AVE, SURREY"																										"7ba11ec3b3099d9b06c9714b3624834f"		
889	"5 577 SIXTH ST, NANAIMO"																										"a780913bc7ae16ea97b02d019072d50e"		
890	"20689 38A AVE, LANGLEY"																										"c064999566dab93c8f2ad3d3d696d3ab"		
891	"2383 HOOVER RD, CAMPBELL RIVER"																										"e40e55962abd1f800c0e63d0ee6178ba"		
892	"410 1010 HOWE ST, VANCOUVER"																										"5175784708495cb5b045ed08a4af6d6f"		
893	"149 3160 TOWNLINE RD, ABBOTSFORD"																										"11215cb07599010cf2c9f0fb9e680d36"		
894	"2201 6659 SOUTHOAKS CRES, BURNABY"																										"ab366faf230a34ce778d9a80d1d70b14"		
895	"1 4268 MAYWOOD ST, BURNABY"																										"ea5e3b73708e13d87e29173be8b8ad60"		
896	"41 41 2689 FRASER HIGHWAY, ABBOTSFORD"																										"c30c1d6b0597e23b9b852e32f13e6366"		
897	"12 5 13 2301 CAVENDISH WA, WHISTLER"																										"719b6716ee9c9d10e18e64bc3530eb75"		
898	"101 4469 STONEBRIDGE PL, NANAIMO"																										"8b5816b19d46e8b00aa068ed1d4b7dd9"		
899	"4 1738 NEWTON ST, VICTORIA"																										"5cb07a7f71001ee586278ed08b9a5852"		
900	"31056 CREEKSIDE DRPOSTAL, ABBOTSFORD"																										"cae59bd0f1330354158b12b09aa6cd86"		
901	"3011 ALBERNI HIGHWAY, PORT ALBERNI"																										"a93ca660d020213cea2a9ee8b7bf71c5"		
902	"2207 CHUM RD, CAMPBELL RIVER"																										"f21f9078f202e9ffcc80dd4bab1583ea"		
903	"304 2570 HEMLOCK ST, VANCOUVER"																										"4455eb3f2a7b24106e2f73956ce79c5c"		
904	"7485 WHELEN CRT, BURNABY"																										"fc02389917c53a7525773dae6df45310"		
905	"106 2665 MTN HIGHWAY, NORTH VANCOUVER"																										"0d012d2f775e31657510ccd3a54ab5cf"		
906	"308 904 100A AVE, DAWSON CREEK"																										"2586f825eaa2f40a3a9a4c8eefb3b381"		
907	"209 2388 KINGSWAY, VANCOUVER"																										"cb627e35edccd1be9589012364f05fc9"		
908	"730 WALROD ST, KELOWNA"																										"1231a42e3ab362be625bcb06d576d131"		
909	"10 905 BROADWAY W, VANCOUVER"																										"a4bfa34bd383d6ec6a213cd51ac46375"		
910	"301 3550 BROADWAY W, VANCOUVER"																										"77508d3379b5484468d494817ab597fc"		
911	"209 12083 92A AVE, SURREY"																										"86b553fd1b3ab2c150a96b510f4f6b6d"		
912	"6748 ARLINGTON ST, VANCOUVER"																										"c0a7d70c6d00c9202624a265b67e8dc0"		
913	"305 825 NICOLA ST, VANCOUVER"																										"e5729c1e4fd916bcc54fcc82c90a22c7"		
914	"3706 13438 CENTRAL AVE, SURREY"																										"109f90dfefb8a3388ae34c9917b741f7"		
915	"1320 ROUND LAKE RD, ARMSTRONG"																										"b9e34996887bb7fa1c35c9b98fdaf468"		
916	"1845 16TH AVE W, VANCOUVER"																										"d9ebdac29375b38846d5793e8a600f01"		
917	"6 2575 ROSS RD, WEST KELOWNA"																										"f2331447a3a0bf0be6d80fa4e76c7226"		
918	"204 155 19TH ST E, NORTH VANCOUVER"																										"909b1ce84889997e1a6e9083102b5aa6"		
919	"43875 2ND ST, LINDELL BEACH"																										"96ca9e10d6b866d2ec3c213077be5393"		
920	"1104 5233 JOYCE ST, VANCOUVER"																										"3e92a4cf7e745e6e66d862d307e2e7ba"		
921	"185 BEVERLY PL, KAMLOOPS"																										"cbc734d16575e05b3c8bcaa77e4cc526"		
922	"9600 3 ST, DAWSON CREEK"																										"24ac7cbd29ed80ffb830dd0e0fe763fe"		
923	"308 718 EDGAR AVE, COQUITLAM"																										"185b24d017ec25a98e7b40a90238386f"		
924	"108 3420 QUADRA ST, VICTORIA"																										"53329dd45d6c7216eb28ec245f2cd2d8"		
925	"3995 RUPERT ST, VANCOUVER"																										"edf0d4671c0f184d2afb6f33ad945e75"		
926	"527 TERR DR, COLDSTREAM"																										"57bb7ce2deb3ce4b0af0abc510e4de0a"		
927	"401 33688 KING RD, ABBOTSFORD"																										"cc2ce0730e93608b48e894f34a8460b2"		
928	"853 ARNCOTE PL, LANGFORD"																										"de574ffd0360248569233204a194f8d9"		
929	"204 51 UVIC RESIDENCE, VICTORIA"																										"60c850dd5b8cea175c2b65cc7556c136"		
930	"20480 DENIZA AVE, MAPLE RIDGE"																										"727898dd511150fb50f296f5c3c08ed8"		
931	"1 9231 NATIONAL PL, PRINCE GEORGE"																										"85726fcc5cb4eb07911fc2d857f34669"		
932	"4915A ISLAND HIGHWAY N, COURTENAY"																										"86af43460b427555bea31cfb28129c95"		
933	"50222 CHILLIWACK LAKE RD CENTRAL RD, CHILLIWACK"																										"f002b3ccfed0889f046a27edcc127370"		
934	"11 HOWE ST, VICTORIA"																										"ff410c41cc1d44c98ed5b5623b27f47f"		
935	"6252 BRODIE PL, DELTA"																										"e5db63cd83e01729e82adc30e76083e8"		
936	"6 1390 14TH AVE W, VANCOUVER"																										"da2cacf88b97fdfcabcf41df89e45552"		
937	"19557 FRASER WAY, PITT MEADOWS"																										"f53b54db51c2e8c346ee093a082e6e3d"		
938	"1034 WAVERLY TERR, BRENTWOOD BAY"																										"2e95a70acb00d21e43396d49105a4672"		
939	"4811 CABOT DR, RICHMOND"																										"e0f5a0ff85fc3d9cc9548294b7a1b3b3"		
940	"107 8243 152 ST, SURREY"																										"3a1966f9ebaa9ec4cd78783cc0135f6e"		
941	"20495 92A AVE, LANGLEY"																										"91d331c2e253f79edbd1c18835f6a756"		
942	"303 3388 WEBBER LANE, VANCOUVER"																										"859e582e8e60d2a663011f104c32aaa6"		
943	"706 LINTON ST, COQUITLAM"																										"d2cacdc9464953d7a01b280b22dac7b9"		
944	"5030 GRIMMER ST, BURNABY"																										"2aecee54010c99e328f867bf66b096f9"		
945	"5690 EBBTIDE ST, SECHELT"																										"942b37779a1e63edad5ab469b7bedb3c"		
946	"203 1933 5TH AVE W, VANCOUVER"																										"3d2c1a8227b1b1e25ec80118bee68cf9"		
947	"1205 2855 E KENT AVE N, VANCOUVER"																										"151df4da604f13a903a276a0d1503511"		
948	"404 4932 CAMBIE ST, VANCOUVER"																										"e67c2e2478541395cc06a12ac80b8a15"		
949	"1109 305 MORRISSEY RD, VANCOUVER"																										"509f1beb28210d6d4fba8879d678e994"		
950	"3934 JEAN PL, VICTORIA"																										"c853122879a6a0cfb7ea0046bdb8ca20"		
951	"3473 FOSTER RD, CRANBROOK"																										"c02afe49969c9ac66ed8456c1d90acc1"		
952	"2426 IRVINE AVEPO, MERRITT"																										"3d4665c59f13178902b5d17b7cb85eff"		
953	"2963 GLADESON LANE, VICTORIA"																										"903f3475e241f6728274ff92d67d7d2a"		
954	"8549 JACK UPPAL ST, VANCOUVER"																										"736101d139372d2e8d281f8621d8d94f"		
955	"10440 KILBY DR, RICHMOND"																										"8d5ef69a24c9af8a41f21e6dffdae70d"		
956	"2B 1048 39TH AVE E, VANCOUVER"																										"58b3a1971ecb39e33631d5d36d8c99f2"		
957	"506 456 EAST HASTINGS ST ORWELL HOTEL, VANCOUVER"																										"e7c9eef133e616ad240df1c825259722"		
958	"760 ADIRON AVE, COQUITLAM"																										"db60397c0d0fad2377affe4d9df8b5cb"		
959	"15 1999 HIGHWAY 97 S, KELOWNA"																										"d830efe276f6b6221192bec3ffa1be16"		
960	"4884 202A ST, LANGLEY"																										"2516502b5748d10d2a58e1eb7adce56b"		
961	"2 1943 HEMMERLING CRT, KELOWNA"																										"78978ac5874d566c3b4cb4b91ba54818"		
962	"3202 HAPPY VALLEY RD, LANGFORD"																										"c5c3ff93265430578b636ef6070a5e98"		
963	"101 539 YATES RD, KELOWNA"																										"5252163df6ef6619620b6e51c68f4168"		
964	"1502 1111 BARLCAY ST, VANCOUVER"																										"c2e393c473d65e98fc30e3dd150abdeb"		
965	"206 2233 1 ST AVE W, VANCOUVER"																										"745273be64a3e9834d9aa883af91bcfa"		
966	"177 SKINNER ST, PRINCE GEORGE"																										"0c5136f5ac36f2b5476b8783b26a04ed"		
967	"2731 CHELSEA CRT, WEST VANCOUVER"																										"d29ef0917776b11ae4060730472a2409"		
968	"1743 SUNRISE RD, KELOWNA"																										"f2591825b51e23c1c6c56b53d7b80986"		
969	"8817 CARMICHAEL ST, RICHMOND"																										"b8acc90cd4e51a41ecc7a07582a5bfc4"		
970	"2243 NORDSTROM AVE, ARMSTRONG"																										"f1cabc69c80191ff3082985b60ff649f"		
971	"8307 86 AVE, FORT ST JOHN"																										"0c878c4f12d8260561ae66011f7bed07"		
972	"251 3020 BLANSHARD ST MUNCEY PLACE, VICTORIA"																										"1d26ed2e194a8926d84f772a073928a7"		
973	"2505 TANNER RD, VICTORIA"																										"877158a63d65e5dfc624165f2764f63f"		
974	"402 SCHOOL ST, SANDSPIT"																										"c82088791f9b129868f1c272c805749c"		
975	"305 1650 13TH AVE W, VANCOUVER"																										"40c1e81d851f2b045cdf58c535970af8"		
976	"5626 SOUTH ISLAND HWYPO, UNION BAY"																										"51b1620f04c5549a672541c8d4fce703"		
977	"432 BEAR RD, SALMO"																										"7189e466744b78070109300467b30e5a"		
978	"723 STONEBROOK LN, "																										"764d90e57314f011008bba35c5d095ae"		
979	"1 111 WOOD ST, NEW WESTMINSTER"																										"d75e218c34d66c6576a62c54e4f3b05b"		
980	"9448 KEEFER AVE, RICHMOND"																										"1f787fcd6cfe1f05e65b54b887050ff8"		
981	"1 709 O CONNOR RD, QUADRA ISLAND"																										"71afc6332076c0159d7c3655e7b9c699"		
982	"168 1 ST AVE, TRAIL"																										"0fd9830146a4ee7be0c021b23d701e10"		
983	"1577 MT DUFFERIN CRES, KAMLOOPS"																										"94f57e5a584cd5969d576ad998fdedfe"		
984	"3 1999 HIGHWAY 97 S, KELOWNA"																										"07f2666e93477d04b7fbf70deabad127"		
985	"108 GRETCHEN CRESPO, SALMO"																										"0340993ef959c375ab9c1942aa106f1d"		
986	"10350 RAILWAY AVE, RICHMOND"																										"3094c8a14caac1cbcf36d867693248df"		
987	"1303 CHERRYWOOD BLVPO, SPARWOOD"																										"13de075c718315485ed843a009b37961"		
988	"362 FOURTH AVE N, WILLIAMS LAKE"																										"457dde99aaa794bca3541ca41c5fe56f"		
989	"880 PINEMONT AVE, PORT COQUITLAM"																										"9cda98b0f7b7c2273d9c440df40c596e"		
990	"1408 EL CAMINO DR, COQUITLAM"																										"d2f6cf3502bd5a79f76531ebd405a522"		
991	"1020 119TH AVE, DAWSON CREEK"																										"2c4f0176552040d3c9f6d297a00e5d58"		
992	"932 HARRIS AVE, COQUITLAM"																										"45145b0cca555b02622e44f63c63e6f7"		
993	"1042 KEYSTONE CRES, REVELSTOKE"																										"29e9195a78eb705a862e78e5e4ca4273"		
994	"708 1267 GRANVILLE ST, VANCOUVER"																										"a0bbc7945894fa16ef7b2965b1d2179c"		
995	"25880 36 AVE, ALDERGROVE"																										"f3f9e70badfa59d917e1fab40f0d15c5"		
996	"27 7051 MOFFATT RD COURTYARD GARDENS, RICHMOND"																										"72de8fda3f88439cfd7898f3c5146613"		
997	"5575 PARKER AVE, VICTORIA"																										"6bec0159f28227d809c2f0d94b4c9667"		
998	"603 831 SIXTH ST, NEW WESTMINSTER"																										"a57db190d9b4d0ef81a821a71e4b8eab"		
999	"340 BAYVIEW RD, "																										"eab1881e9dca9b01117ff9e035b5d9e0"		
1000	"2531 ST PAUL STP O, ROSSLAND"																										"2cc8bddd4d258a723a94f00438a7120b"		
